resname,resname,econame,jushrname
rs0790,rs0790,ECO00028,JAfaint131
rs1053,rs1053,ECO00030,JAfaint135
rs1124,rs1124,ECO00031,JAfaint136
rs1147,rs1147,ECO00032,JAfaint137
rs1176,rs1176,ECO00033,JAfaint138
rs0176,rs0176,ECO00041,JAfaint145
rs0367,rs0367,ECO00042,JAfaint146
rs0387,rs0387,ECO00043,JAfaint147
rs0618,rs0618,ECO00048,JAfaint151
rs1192,rs1192,ECO00050,JAfaint153
rs1261,rs1261,ECO00124,JAfaint23
rs0251,rs0251,ECO00251,JAfaint383
rs0322,rs0322,ECO00256,JAfaint391
rs0832,rs0832,ECO00258,JAfaint395
rs1331,rs1331,ECO00275,JAfaint412
rs0224,rs0224,ECO00276,JAfaint414
rs0740,rs0740,ECO00277,JAfaint416
rs0764,rs0764,ECO00278,JAfaint417
rs0445,rs0445,ECO00279,JAfaint419
rs1295,rs1295,ECO00281,JAfaint422
rs0726,rs0726,ECO00282,JAfaint427
rs0858,rs0858,ECO00283,JAfaint428
rs0767,rs0767,ECO00284,JAfaint429
rs0973,rs0973,ECO00286,JAfaint430
rs0620,rs0620,ECO00287,JAfaint431
rs1208,rs1208,ECO00288,JAfaint433
rs0923,rs0923,ECO00289,JAfaint435
rs0692,rs0692,ECO00290,JAfaint436
rs0652,rs0652,ECO00291,JAfaint437
rs0639,rs0639,ECO00292,JAfaint439
rs0593,rs0593,ECO00294,JAfaint440
rs0722,rs0722,ECO00295,JAfaint441
rs0968,rs0968,ECO00296,JAfaint442
rs0959,rs0959,ECO00297,JAfaint443
rs0472,rs0472,ECO00299,JAfaint445
rs0469,rs0469,ECO00300,JAfaint447
rs0138,rs0138,ECO00302,JAfaint449
rs1193,rs1193,ECO00303,JAfaint450
rs1373,rs1373,ECO00304,JAfaint451
rs0126,rs0126,ECO00430,JAfaint586
rs0756,rs0756,ECO00431,JAfaint587
rs0559,rs0559,ECO00432,JAfaint589
rs0944,rs0944,ECO00433,JAfaint591
rs1157,rs1157,ECO00434,JAfaint592
rs1296,rs1296,ECO00435,JAfaint595
rs0258,rs0258,ECO00436,JAfaint598
rs0249,rs0249,ECO00439,JAfaint600
rs0482,rs0482,ECO00440,JAfaint604
rs1056,rs1056,ECO00441,JAfaint608
rs0284,rs0284,ECO00443,JAfaint611
rs0403,rs0403,ECO00444,JAfaint612
rs0210,rs0210,ECO00480,JAfaint657
rs0485,rs0485,ECO00486,JAfaint664
rs0810,rs0810,ECO00490,JAfaint669
rs0996,rs0996,ECO00494,JAfaint672
rs1164,rs1164,ECO00495,JAfaint673
rs0317,rs0317,ECO00505,JAfaint686
rs0474,rs0474,ECO00507,JAfaint688
rs1041,rs1041,ECO00511,JAfaint691
rs1119,rs1119,ECO00512,JAfaint692
rs0332,rs0332,ECO00518,JAfaint698
rs1032,rs1032,ECO00521,JAfaint703
rs1009,rs1009,ECO00561,JAfaint753
rs0416,rs0416,ECO00623,JAfaint82
rs0630,rs0630,ECO00632,JAfaint83
rs0999,rs0999,ECO00648,JAfaint85
rs0799,rs0799,ECO00775,JAfaint989
rs0690,rs0690,ECO00781,PossJadd1023
rs0785,rs0785,ECO00786,PossJadd1079
rs0786,rs0786,ECO00787,PossJadd1082
rs1343,rs1343,ECO00801,PossJadd1171
rs0952,rs0952,ECO00820,PossJadd1282
rs0020,rs0020,ECO00822,PossJadd130
rs0963,rs0963,ECO00823,PossJadd1301
rs0979,rs0979,ECO00826,PossJadd1312
rs0990,rs0990,ECO00827,PossJadd1324
rs0991,rs0991,ECO00828,PossJadd1325
rs1020,rs1020,ECO00831,PossJadd1346
rs1054,rs1054,ECO00842,PossJadd1380
rs1132,rs1132,ECO00848,PossJadd1430
rs1138,rs1138,ECO00849,PossJadd1433
rs1166,rs1166,ECO00851,PossJadd1442
rs1246,rs1246,ECO00857,PossJadd1490
rs0023,rs0023,ECO00902,PossJadd178
rs0034,rs0034,ECO00928,PossJadd192
rs0805,rs0805,ECO00954,PossJadd2072
rs1285,rs1285,ECO01000,PossJadd2269
rs1411,rs1411,ECO01015,PossJadd2398
rs1181,rs1181,ECO01026,PossJadd2433
rs1216,rs1216,ECO01027,PossJadd2436
rs1368,rs1368,ECO01062,PossJadd2554
rs0083,rs0083,ECO01091,PossJadd263
rs0087,rs0087,ECO01114,PossJadd277
rs0888,rs0888,ECO01121,PossJadd2859
rs1027,rs1027,ECO01123,PossJadd2873
rs0878,rs0878,ECO01124,PossJadd2884
rs0659,rs0659,ECO01170,PossJadd3079
rs0848,rs0848,ECO01171,PossJadd3099
rs0791,rs0791,ECO01172,PossJadd3104
rs1241,rs1241,ECO01174,PossJadd3173
rs0375,rs0375,ECO01184,PossJadd3214
rs0111,rs0111,ECO01185,PossJadd322
rs1507,rs1507,ECO01234,PossJadd3433
rs1412,rs1412,ECO01239,PossJadd3540
rs0154,rs0154,ECO01248,PossJadd398
rs0157,rs0157,ECO01250,PossJadd406
rs0167,rs0167,ECO01252,PossJadd417
rs0336,rs0336,ECO01290,PossJadd627
rs0346,rs0346,ECO01291,PossJadd640
rs0352,rs0352,ECO01293,PossJadd647
rs0006,rs0006,ECO01303,PossJadd72
rs0432,rs0432,ECO01305,PossJadd732
rs0486,rs0486,ECO01309,PossJadd768
rs0497,rs0497,ECO01311,PossJadd776
rs0547,rs0547,ECO01320,PossJadd842
rs0556,rs0556,ECO01327,PossJadd881
rs0565,rs0565,ECO01331,PossJadd909
rs0571,rs0571,ECO01333,PossJadd926
rs0602,rs0602,ECO01345,PossJadd998
rs0389,rs0389,ECO01364,PossJaddf115
rs0592,rs0592,ECO01400,PossJaddf149
rs0689,rs0689,ECO01406,PossJaddf154
rs0861,rs0861,ECO01465,PossJaddf211
rs1350,rs1350,ECO01523,PossJaddf267
rs1177,rs1177,ECO01583,PossJaddf331
rs1225,rs1225,ECO01591,PossJaddf345
rs1316,rs1316,ECO01594,PossJaddf35
rs1394,rs1394,ECO01598,PossJaddf353
rs0059,rs0059,ECO01625,PossJaddf38
rs1407,rs1407,ECO01632,PossJaddf389
rs1280,rs1280,ECO01635,PossJaddf393
rs0102,rs0102,ECO01689,PossJaddf45
rs0106,rs0106,ECO01721,PossJaddf48
rs0115,rs0115,ECO01764,PossJaddf52
rs1323,rs1323,ECO01834,PossJaddf59
rs0818,rs0818,ECO01862,PossJaddf616
rs1299,rs1299,ECO02063,PossJaddf801
rs1304,rs1304,ECO02068,PossJaddf806
rs1061,rs1061,ECO02075,PossJaddf814
rs1013,rs1013,ECO02089,PossJaddf831
rs1071,rs1071,ECO02094,PossJaddf848
rs0395,rs0395,ECO02102,PossJaddf864
rs0481,rs0481,ECO02103,PossJaddf865
rs0955,rs0955,ECO02105,PossJaddf871
rs1307,rs1307,ECO02175,SJUSHR10048
rs0494,rs0494,ECO02310,SJUSHR1017
rs0498,rs0498,ECO02388,SJUSHR1024
rs0503,rs0503,ECO02410,SJUSHR1026
rs0505,rs0505,ECO02443,SJUSHR1029
rs0509,rs0509,ECO02530,SJUSHR1037
rs0516,rs0516,ECO02641,SJUSHR1047
rs0519,rs0519,ECO02663,SJUSHR1049
rs0830,rs0830,ECO02736,SJUSHR10556
rs0815,rs0815,ECO02741,SJUSHR10560
rs0829,rs0829,ECO02774,SJUSHR10590
rs0522,rs0522,ECO02796,SJUSHR1061
rs0123,rs0123,ECO02893,SJUSHR10699
rs0278,rs0278,ECO02897,SJUSHR10701
rs1022,rs1022,ECO02898,SJUSHR10702
rs1034,rs1034,ECO02899,SJUSHR10703
rs0528,rs0528,ECO02900,SJUSHR1071
rs0531,rs0531,ECO02908,SJUSHR1079
rs0533,rs0533,ECO02913,SJUSHR1083
rs0538,rs0538,ECO02936,SJUSHR1103
rs0540,rs0540,ECO02939,SJUSHR1106
rs0546,rs0546,ECO02952,SJUSHR1118
rs0549,rs0549,ECO02973,SJUSHR1137
rs0554,rs0554,ECO03049,SJUSHR1205
rs0555,rs0555,ECO03056,SJUSHR1211
rs0560,rs0560,ECO03080,SJUSHR1233
rs0561,rs0561,ECO03082,SJUSHR1235
rs0018,rs0018,ECO03087,SJUSHR124
rs0574,rs0574,ECO03145,SJUSHR1292
rs0578,rs0578,ECO03171,SJUSHR1315
rs0579,rs0579,ECO03173,SJUSHR1317
rs0587,rs0587,ECO03201,SJUSHR1342
rs0595,rs0595,ECO03245,SJUSHR1384
rs0603,rs0603,ECO03249,SJUSHR1388
rs0612,rs0612,ECO03260,SJUSHR1398
rs0619,rs0619,ECO03269,SJUSHR1405
rs0622,rs0622,ECO03275,SJUSHR1410
rs0625,rs0625,ECO03276,SJUSHR1411
rs0629,rs0629,ECO03278,SJUSHR1413
rs0642,rs0642,ECO03287,SJUSHR1421
rs0648,rs0648,ECO03288,SJUSHR1422
rs0650,rs0650,ECO03289,SJUSHR1423
rs0651,rs0651,ECO03290,SJUSHR1424
rs1337,rs1337,ECO03292,SJUSHR1426
rs0656,rs0656,ECO03294,SJUSHR1428
rs0658,rs0658,ECO03297,SJUSHR1430
rs0660,rs0660,ECO03299,SJUSHR1432
rs0667,rs0667,ECO03303,SJUSHR1436
rs0669,rs0669,ECO03304,SJUSHR1437
rs0670,rs0670,ECO03305,SJUSHR1438
rs0673,rs0673,ECO03306,SJUSHR1439
rs0681,rs0681,ECO03310,SJUSHR1442
rs0687,rs0687,ECO03311,SJUSHR1443
rs0688,rs0688,ECO03312,SJUSHR1444
rs0714,rs0714,ECO03331,SJUSHR1461
rs0716,rs0716,ECO03334,SJUSHR1464
rs0717,rs0717,ECO03335,SJUSHR1465
rs0719,rs0719,ECO03344,SJUSHR1473
rs0724,rs0724,ECO03348,SJUSHR1477
rs0728,rs0728,ECO03360,SJUSHR1488
rs0731,rs0731,ECO03364,SJUSHR1491
rs0741,rs0741,ECO03387,SJUSHR1511
rs0745,rs0745,ECO03395,SJUSHR1519
rs0750,rs0750,ECO03402,SJUSHR1525
rs0757,rs0757,ECO03414,SJUSHR1536
rs0761,rs0761,ECO03415,SJUSHR1537
rs0768,rs0768,ECO03425,SJUSHR1546
rs0779,rs0779,ECO03453,SJUSHR1571
rs0781,rs0781,ECO03456,SJUSHR1574
rs0783,rs0783,ECO03467,SJUSHR1584
rs0784,rs0784,ECO03469,SJUSHR1586
rs0797,rs0797,ECO03496,SJUSHR1610
rs0808,rs0808,ECO03534,SJUSHR1646
rs0809,rs0809,ECO03535,SJUSHR1647
rs0823,rs0823,ECO03543,SJUSHR1654
rs0824,rs0824,ECO03546,SJUSHR1657
rs0831,rs0831,ECO03561,SJUSHR1670
rs0833,rs0833,ECO03563,SJUSHR1672
rs0834,rs0834,ECO03565,SJUSHR1674
rs0022,rs0022,ECO03582,SJUSHR169
rs0838,rs0838,ECO03591,SJUSHR1698
rs0839,rs0839,ECO03595,SJUSHR1700
rs0842,rs0842,ECO03601,SJUSHR1706
rs0847,rs0847,ECO03604,SJUSHR1709
rs0851,rs0851,ECO03607,SJUSHR1711
rs0852,rs0852,ECO03608,SJUSHR1712
rs1342,rs1342,ECO03612,SJUSHR1716
rs0866,rs0866,ECO03615,SJUSHR1719
rs0868,rs0868,ECO03624,SJUSHR1727
rs0873,rs0873,ECO03643,SJUSHR1744
rs0879,rs0879,ECO03651,SJUSHR1751
rs0880,rs0880,ECO03652,SJUSHR1752
rs0884,rs0884,ECO03658,SJUSHR1758
rs0887,rs0887,ECO03660,SJUSHR1760
rs0903,rs0903,ECO03683,SJUSHR1781
rs0912,rs0912,ECO03712,SJUSHR1808
rs0029,rs0029,ECO03714,SJUSHR181
rs0918,rs0918,ECO03719,SJUSHR1814
rs0921,rs0921,ECO03723,SJUSHR1818
rs0031,rs0031,ECO03725,SJUSHR182
rs0032,rs0032,ECO03736,SJUSHR183
rs0048,rs0048,ECO03845,SJUSHR193
rs0049,rs0049,ECO03878,SJUSHR196
rs0951,rs0951,ECO03884,SJUSHR1965
rs0953,rs0953,ECO03891,SJUSHR1971
rs0954,rs0954,ECO03892,SJUSHR1972
rs0050,rs0050,ECO03900,SJUSHR198
rs0958,rs0958,ECO03901,SJUSHR1980
rs0052,rs0052,ECO03910,SJUSHR199
rs1348,rs1348,ECO03911,SJUSHR1990
rs1349,rs1349,ECO03912,SJUSHR1991
rs0965,rs0965,ECO03927,SJUSHR2003
rs0966,rs0966,ECO03928,SJUSHR2004
rs1352,rs1352,ECO03929,SJUSHR2005
rs0970,rs0970,ECO03935,SJUSHR2010
rs0974,rs0974,ECO03946,SJUSHR2020
rs0980,rs0980,ECO03954,SJUSHR2028
rs0053,rs0053,ECO03956,SJUSHR203
rs0984,rs0984,ECO03970,SJUSHR2043
rs0988,rs0988,ECO03973,SJUSHR2046
rs0989,rs0989,ECO03975,SJUSHR2048
rs0055,rs0055,ECO03977,SJUSHR205
rs0992,rs0992,ECO03980,SJUSHR2052
rs0997,rs0997,ECO03991,SJUSHR2062
rs1005,rs1005,ECO04004,SJUSHR2074
rs1007,rs1007,ECO04005,SJUSHR2075
rs1010,rs1010,ECO04007,SJUSHR2077
rs1016,rs1016,ECO04016,SJUSHR2085
rs1023,rs1023,ECO04031,SJUSHR2099
rs1025,rs1025,ECO04035,SJUSHR2101
rs1038,rs1038,ECO04070,SJUSHR2133
rs1046,rs1046,ECO04083,SJUSHR2145
rs1048,rs1048,ECO04086,SJUSHR2148
rs1049,rs1049,ECO04089,SJUSHR2150
rs1057,rs1057,ECO04100,SJUSHR2160
rs1066,rs1066,ECO04123,SJUSHR2182
rs1318,rs1318,ECO04153,SJUSHR221
rs1084,rs1084,ECO04160,SJUSHR2216
rs1319,rs1319,ECO04164,SJUSHR222
rs1085,rs1085,ECO04165,SJUSHR2220
rs1086,rs1086,ECO04166,SJUSHR2221
rs1090,rs1090,ECO04167,SJUSHR2222
rs1092,rs1092,ECO04170,SJUSHR2225
rs1097,rs1097,ECO04171,SJUSHR2226
rs1102,rs1102,ECO04176,SJUSHR2230
rs1106,rs1106,ECO04185,SJUSHR2239
rs1111,rs1111,ECO04190,SJUSHR2243
rs1112,rs1112,ECO04191,SJUSHR2244
rs1114,rs1114,ECO04193,SJUSHR2246
rs1116,rs1116,ECO04195,SJUSHR2248
rs1121,rs1121,ECO04202,SJUSHR2254
rs1123,rs1123,ECO04203,SJUSHR2255
rs1129,rs1129,ECO04211,SJUSHR2262
rs1131,rs1131,ECO04214,SJUSHR2265
rs1134,rs1134,ECO04215,SJUSHR2266
rs0064,rs0064,ECO04219,SJUSHR227
rs1139,rs1139,ECO04221,SJUSHR2271
rs1144,rs1144,ECO04225,SJUSHR2275
rs1146,rs1146,ECO04226,SJUSHR2276
rs1152,rs1152,ECO04229,SJUSHR2279
rs1154,rs1154,ECO04234,SJUSHR2283
rs1158,rs1158,ECO04237,SJUSHR2286
rs1160,rs1160,ECO04238,SJUSHR2287
rs1162,rs1162,ECO04242,SJUSHR2290
rs1168,rs1168,ECO04244,SJUSHR2292
rs1183,rs1183,ECO04255,SJUSHR2301
rs1189,rs1189,ECO04257,SJUSHR2303
rs1197,rs1197,ECO04262,SJUSHR2308
rs1198,rs1198,ECO04263,SJUSHR2309
rs1201,rs1201,ECO04265,SJUSHR2310
rs1204,rs1204,ECO04267,SJUSHR2312
rs1206,rs1206,ECO04268,SJUSHR2314
rs1211,rs1211,ECO04278,SJUSHR2324
rs1214,rs1214,ECO04285,SJUSHR2330
rs1364,rs1364,ECO04286,SJUSHR2332
rs1217,rs1217,ECO04292,SJUSHR2338
rs1218,rs1218,ECO04293,SJUSHR2339
rs1219,rs1219,ECO04295,SJUSHR2340
rs1226,rs1226,ECO04306,SJUSHR2351
rs1229,rs1229,ECO04322,SJUSHR2366
rs1230,rs1230,ECO04330,SJUSHR2373
rs1232,rs1232,ECO04331,SJUSHR2374
rs0077,rs0077,ECO04337,SJUSHR238
rs1374,rs1374,ECO04339,SJUSHR2381
rs1240,rs1240,ECO04340,SJUSHR2382
rs1377,rs1377,ECO04341,SJUSHR2383
rs1243,rs1243,ECO04343,SJUSHR2385
rs1248,rs1248,ECO04350,SJUSHR2392
rs1251,rs1251,ECO04353,SJUSHR2395
rs0080,rs0080,ECO04378,SJUSHR242
rs1254,rs1254,ECO04405,SJUSHR2444
rs0085,rs0085,ECO04521,SJUSHR255
rs1258,rs1258,ECO04536,SJUSHR2564
rs0089,rs0089,ECO04553,SJUSHR258
rs1265,rs1265,ECO04604,SJUSHR2628
rs1266,rs1266,ECO04605,SJUSHR2629
rs1267,rs1267,ECO04609,SJUSHR2632
rs0093,rs0093,ECO04668,SJUSHR269
rs1404,rs1404,ECO04695,SJUSHR2713
rs0094,rs0094,ECO04702,SJUSHR272
rs1276,rs1276,ECO04771,SJUSHR2783
rs1293,rs1293,ECO04851,SJUSHR2857
rs1294,rs1294,ECO04852,SJUSHR2858
rs0100,rs0100,ECO04865,SJUSHR287
rs0101,rs0101,ECO04887,SJUSHR289
rs0109,rs0109,ECO04965,SJUSHR296
rs1308,rs1308,ECO05002,SJUSHR2995
rs1309,rs1309,ECO05005,SJUSHR2998
rs1311,rs1311,ECO05029,SJUSHR3018
rs0883,rs0883,ECO05063,SJUSHR3049
rs0042,rs0042,ECO05066,SJUSHR3051
rs0030,rs0030,ECO05068,SJUSHR3053
rs0010,rs0010,ECO05069,SJUSHR3054
rs0273,rs0273,ECO05070,SJUSHR3055
rs0027,rs0027,ECO05071,SJUSHR3056
rs1322,rs1322,ECO05072,SJUSHR3057
rs0617,rs0617,ECO05073,SJUSHR3058
rs1392,rs1392,ECO05074,SJUSHR3059
rs0071,rs0071,ECO05076,SJUSHR3060
rs0074,rs0074,ECO05077,SJUSHR3061
rs0262,rs0262,ECO05083,SJUSHR3067
rs1321,rs1321,ECO05084,SJUSHR3068
rs0021,rs0021,ECO05085,SJUSHR3069
rs0149,rs0149,ECO05090,SJUSHR3074
rs0137,rs0137,ECO05097,SJUSHR3080
rs1335,rs1335,ECO05112,SJUSHR3094
rs1062,rs1062,ECO05166,SJUSHR3142
rs1282,rs1282,ECO05175,SJUSHR3150
rs0112,rs0112,ECO05196,SJUSHR317
rs0012,rs0012,ECO05215,SJUSHR3187
rs0019,rs0019,ECO05231,SJUSHR3200
rs0063,rs0063,ECO05286,SJUSHR3250
rs0096,rs0096,ECO05314,SJUSHR3276
rs0097,rs0097,ECO05315,SJUSHR3277
rs0103,rs0103,ECO05322,SJUSHR3283
rs0114,rs0114,ECO05329,SJUSHR329
rs0113,rs0113,ECO05348,SJUSHR3306
rs0120,rs0120,ECO05359,SJUSHR3316
rs0125,rs0125,ECO05361,SJUSHR3318
rs0136,rs0136,ECO05372,SJUSHR3328
rs0141,rs0141,ECO05380,SJUSHR3335
rs0153,rs0153,ECO05393,SJUSHR3348
rs0117,rs0117,ECO05395,SJUSHR335
rs0155,rs0155,ECO05396,SJUSHR3350
rs0163,rs0163,ECO05400,SJUSHR3355
rs0172,rs0172,ECO05407,SJUSHR3361
rs0175,rs0175,ECO05414,SJUSHR3368
rs0201,rs0201,ECO05448,SJUSHR3399
rs0202,rs0202,ECO05451,SJUSHR3400
rs0266,rs0266,ECO05499,SJUSHR3444
rs0321,rs0321,ECO05541,SJUSHR3483
rs0121,rs0121,ECO05548,SJUSHR349
rs0377,rs0377,ECO05595,SJUSHR3531
rs0391,rs0391,ECO05606,SJUSHR3541
rs0399,rs0399,ECO05611,SJUSHR3547
rs0419,rs0419,ECO05626,SJUSHR3561
rs0425,rs0425,ECO05629,SJUSHR3564
rs0429,rs0429,ECO05632,SJUSHR3567
rs0496,rs0496,ECO05665,SJUSHR3597
rs0129,rs0129,ECO05745,SJUSHR367
rs0131,rs0131,ECO05756,SJUSHR368
rs0572,rs0572,ECO05766,SJUSHR3689
rs0582,rs0582,ECO05793,SJUSHR3712
rs0591,rs0591,ECO05807,SJUSHR3728
rs0133,rs0133,ECO05809,SJUSHR373
rs0608,rs0608,ECO05817,SJUSHR3737
rs0134,rs0134,ECO05820,SJUSHR374
rs0632,rs0632,ECO05822,SJUSHR3741
rs0633,rs0633,ECO05823,SJUSHR3742
rs0647,rs0647,ECO05824,SJUSHR3743
rs0649,rs0649,ECO05825,SJUSHR3744
rs0664,rs0664,ECO05834,SJUSHR3752
rs0676,rs0676,ECO05837,SJUSHR3755
rs0682,rs0682,ECO05838,SJUSHR3756
rs0694,rs0694,ECO05839,SJUSHR3757
rs0705,rs0705,ECO05845,SJUSHR3762
rs0709,rs0709,ECO05846,SJUSHR3763
rs0733,rs0733,ECO05871,SJUSHR3786
rs0748,rs0748,ECO05888,SJUSHR3800
rs0788,rs0788,ECO05940,SJUSHR3850
rs0135,rs0135,ECO05961,SJUSHR387
rs0827,rs0827,ECO05980,SJUSHR3888
rs0836,rs0836,ECO06003,SJUSHR3908
rs0850,rs0850,ECO06011,SJUSHR3916
rs0870,rs0870,ECO06030,SJUSHR3933
rs0142,rs0142,ECO06037,SJUSHR394
rs0882,rs0882,ECO06044,SJUSHR3946
rs0889,rs0889,ECO06049,SJUSHR3950
rs0896,rs0896,ECO06053,SJUSHR3954
rs0899,rs0899,ECO06055,SJUSHR3956
rs0143,rs0143,ECO06059,SJUSHR396
rs0147,rs0147,ECO06081,SJUSHR398
rs0916,rs0916,ECO06088,SJUSHR3986
rs0146,rs0146,ECO06092,SJUSHR399
rs0148,rs0148,ECO06116,SJUSHR401
rs0935,rs0935,ECO06128,SJUSHR4020
rs1324,rs1324,ECO06182,SJUSHR407
rs0947,rs0947,ECO06197,SJUSHR4083
rs0972,rs0972,ECO06232,SJUSHR4115
rs0983,rs0983,ECO06250,SJUSHR4131
rs1355,rs1355,ECO06253,SJUSHR4134
rs1357,rs1357,ECO06262,SJUSHR4142
rs1000,rs1000,ECO06266,SJUSHR4146
rs1014,rs1014,ECO06267,SJUSHR4147
rs1059,rs1059,ECO06312,SJUSHR4189
rs1076,rs1076,ECO06342,SJUSHR4216
rs1080,rs1080,ECO06349,SJUSHR4222
rs1082,rs1082,ECO06350,SJUSHR4223
rs1093,rs1093,ECO06355,SJUSHR4228
rs1103,rs1103,ECO06360,SJUSHR4232
rs1109,rs1109,ECO06363,SJUSHR4235
rs1117,rs1117,ECO06366,SJUSHR4238
rs0159,rs0159,ECO06368,SJUSHR424
rs1122,rs1122,ECO06369,SJUSHR4240
rs1137,rs1137,ECO06371,SJUSHR4242
rs1143,rs1143,ECO06374,SJUSHR4245
rs1142,rs1142,ECO06375,SJUSHR4246
rs1145,rs1145,ECO06377,SJUSHR4248
rs1150,rs1150,ECO06378,SJUSHR4249
rs1185,rs1185,ECO06387,SJUSHR4257
rs1190,rs1190,ECO06391,SJUSHR4260
rs1195,rs1195,ECO06394,SJUSHR4263
rs1196,rs1196,ECO06395,SJUSHR4264
rs1205,rs1205,ECO06399,SJUSHR4268
rs0162,rs0162,ECO06401,SJUSHR427
rs1209,rs1209,ECO06403,SJUSHR4271
rs1220,rs1220,ECO06409,SJUSHR4277
rs1370,rs1370,ECO06422,SJUSHR4289
rs1372,rs1372,ECO06425,SJUSHR4291
rs1234,rs1234,ECO06426,SJUSHR4292
rs1235,rs1235,ECO06427,SJUSHR4293
rs1238,rs1238,ECO06428,SJUSHR4294
rs1385,rs1385,ECO06435,SJUSHR4300
rs1398,rs1398,ECO06447,SJUSHR4311
rs1401,rs1401,ECO06453,SJUSHR4317
rs1257,rs1257,ECO06468,SJUSHR4330
rs0166,rs0166,ECO06478,SJUSHR434
rs1263,rs1263,ECO06482,SJUSHR4343
rs1402,rs1402,ECO06487,SJUSHR4348
rs1326,rs1326,ECO06522,SJUSHR438
rs0877,rs0877,ECO06648,SJUSHR4496
rs0892,rs0892,ECO06650,SJUSHR4498
rs0927,rs0927,ECO06784,SJUSHR4618
rs0323,rs0323,ECO06804,SJUSHR4636
rs0853,rs0853,ECO06811,SJUSHR4642
rs0088,rs0088,ECO06812,SJUSHR4643
rs0197,rs0197,ECO06813,SJUSHR4644
rs0863,rs0863,ECO06877,SJUSHR4703
rs0306,rs0306,ECO06885,SJUSHR4710
rs0107,rs0107,ECO06886,SJUSHR4711
rs0054,rs0054,ECO06938,SJUSHR4759
rs0056,rs0056,ECO06940,SJUSHR4760
rs1320,rs1320,ECO06941,SJUSHR4761
rs0086,rs0086,ECO06942,SJUSHR4762
rs0296,rs0296,ECO06943,SJUSHR4763
rs0325,rs0325,ECO06945,SJUSHR4765
rs0330,rs0330,ECO06946,SJUSHR4766
rs0969,rs0969,ECO06950,SJUSHR4770
rs0977,rs0977,ECO06951,SJUSHR4771
rs1397,rs1397,ECO06952,SJUSHR4773
rs0835,rs0835,ECO06969,SJUSHR4790
rs0231,rs0231,ECO06989,SJUSHR4808
rs0537,rs0537,ECO06990,SJUSHR4809
rs0662,rs0662,ECO06992,SJUSHR4810
rs0156,rs0156,ECO07037,SJUSHR4851
rs0725,rs0725,ECO07040,SJUSHR4854
rs0751,rs0751,ECO07041,SJUSHR4855
rs1334,rs1334,ECO07067,SJUSHR4879
rs0090,rs0090,ECO07075,SJUSHR4886
rs0160,rs0160,ECO07081,SJUSHR4891
rs0165,rs0165,ECO07082,SJUSHR4892
rs0242,rs0242,ECO07089,SJUSHR4899
rs0181,rs0181,ECO07102,SJUSHR491
rs1110,rs1110,ECO07141,SJUSHR4945
rs1163,rs1163,ECO07145,SJUSHR4949
rs1224,rs1224,ECO07149,SJUSHR4952
rs1233,rs1233,ECO07152,SJUSHR4955
rs1239,rs1239,ECO07153,SJUSHR4956
rs0016,rs0016,ECO07227,SJUSHR5025
rs0794,rs0794,ECO07228,SJUSHR5026
rs0552,rs0552,ECO07229,SJUSHR5027
rs1272,rs1272,ECO07230,SJUSHR5028
rs0562,rs0562,ECO07231,SJUSHR5029
rs0871,rs0871,ECO07233,SJUSHR5030
rs0713,rs0713,ECO07234,SJUSHR5031
rs0775,rs0775,ECO07235,SJUSHR5032
rs1077,rs1077,ECO07236,SJUSHR5033
rs1236,rs1236,ECO07237,SJUSHR5034
rs0433,rs0433,ECO07238,SJUSHR5035
rs0532,rs0532,ECO07241,SJUSHR5038
rs0300,rs0300,ECO07242,SJUSHR5039
rs0185,rs0185,ECO07244,SJUSHR5040
rs0542,rs0542,ECO07245,SJUSHR5041
rs0393,rs0393,ECO07247,SJUSHR5043
rs0234,rs0234,ECO07248,SJUSHR5044
rs0854,rs0854,ECO07251,SJUSHR5047
rs0145,rs0145,ECO07252,SJUSHR5048
rs0187,rs0187,ECO07253,SJUSHR5049
rs0548,rs0548,ECO07255,SJUSHR5050
rs0886,rs0886,ECO07256,SJUSHR5051
rs1068,rs1068,ECO07257,SJUSHR5052
rs1067,rs1067,ECO07258,SJUSHR5053
rs0844,rs0844,ECO07261,SJUSHR5056
rs0070,rs0070,ECO07262,SJUSHR5057
rs0869,rs0869,ECO07263,SJUSHR5058
rs0119,rs0119,ECO07264,SJUSHR5059
rs0305,rs0305,ECO07266,SJUSHR5060
rs0763,rs0763,ECO07267,SJUSHR5061
rs0380,rs0380,ECO07268,SJUSHR5062
rs0774,rs0774,ECO07270,SJUSHR5064
rs0454,rs0454,ECO07272,SJUSHR5066
rs0862,rs0862,ECO07274,SJUSHR5068
rs0942,rs0942,ECO07275,SJUSHR5069
rs0865,rs0865,ECO07277,SJUSHR5070
rs0168,rs0168,ECO07279,SJUSHR5072
rs0846,rs0846,ECO07281,SJUSHR5074
rs0849,rs0849,ECO07282,SJUSHR5075
rs0343,rs0343,ECO07283,SJUSHR5076
rs0508,rs0508,ECO07284,SJUSHR5077
rs0456,rs0456,ECO07285,SJUSHR5078
rs0755,rs0755,ECO07286,SJUSHR5079
rs0855,rs0855,ECO07288,SJUSHR5080
rs0194,rs0194,ECO07289,SJUSHR5081
rs0200,rs0200,ECO07290,SJUSHR5082
rs0754,rs0754,ECO07291,SJUSHR5083
rs0801,rs0801,ECO07293,SJUSHR5085
rs0211,rs0211,ECO07294,SJUSHR5086
rs1341,rs1341,ECO07295,SJUSHR5087
rs0911,rs0911,ECO07296,SJUSHR5088
rs0800,rs0800,ECO07297,SJUSHR5089
rs0354,rs0354,ECO07299,SJUSHR5090
rs0749,rs0749,ECO07300,SJUSHR5091
rs0025,rs0025,ECO07301,SJUSHR5092
rs1187,rs1187,ECO07302,SJUSHR5093
rs0038,rs0038,ECO07303,SJUSHR5094
rs1018,rs1018,ECO07304,SJUSHR5095
rs0845,rs0845,ECO07305,SJUSHR5096
rs0747,rs0747,ECO07306,SJUSHR5097
rs1079,rs1079,ECO07307,SJUSHR5098
rs0480,rs0480,ECO07308,SJUSHR5099
rs0762,rs0762,ECO07311,SJUSHR5100
rs0213,rs0213,ECO07312,SJUSHR5101
rs0843,rs0843,ECO07313,SJUSHR5102
rs0171,rs0171,ECO07315,SJUSHR5104
rs0257,rs0257,ECO07316,SJUSHR5105
rs0255,rs0255,ECO07317,SJUSHR5107
rs0771,rs0771,ECO07318,SJUSHR5108
rs0891,rs0891,ECO07319,SJUSHR5109
rs0411,rs0411,ECO07321,SJUSHR5110
rs1070,rs1070,ECO07323,SJUSHR5112
rs0442,rs0442,ECO07325,SJUSHR5114
rs0280,rs0280,ECO07326,SJUSHR5115
rs0758,rs0758,ECO07327,SJUSHR5116
rs0859,rs0859,ECO07328,SJUSHR5117
rs1338,rs1338,ECO07329,SJUSHR5118
rs0897,rs0897,ECO07332,SJUSHR5120
rs0376,rs0376,ECO07333,SJUSHR5121
rs0766,rs0766,ECO07334,SJUSHR5122
rs0962,rs0962,ECO07335,SJUSHR5123
rs0246,rs0246,ECO07336,SJUSHR5124
rs0247,rs0247,ECO07337,SJUSHR5125
rs0158,rs0158,ECO07338,SJUSHR5126
rs0081,rs0081,ECO07339,SJUSHR5127
rs0752,rs0752,ECO07340,SJUSHR5128
rs0444,rs0444,ECO07341,SJUSHR5129
rs0225,rs0225,ECO07343,SJUSHR5130
rs1340,rs1340,ECO07344,SJUSHR5131
rs0492,rs0492,ECO07345,SJUSHR5132
rs0013,rs0013,ECO07346,SJUSHR5133
rs0236,rs0236,ECO07347,SJUSHR5134
rs0095,rs0095,ECO07348,SJUSHR5135
rs0922,rs0922,ECO07349,SJUSHR5136
rs0696,rs0696,ECO07350,SJUSHR5137
rs0802,rs0802,ECO07351,SJUSHR5138
rs0470,rs0470,ECO07352,SJUSHR5139
rs0190,rs0190,ECO07353,SJUSHR514
rs0226,rs0226,ECO07354,SJUSHR5140
rs0276,rs0276,ECO07355,SJUSHR5141
rs0435,rs0435,ECO07356,SJUSHR5142
rs0893,rs0893,ECO07357,SJUSHR5143
rs0033,rs0033,ECO07358,SJUSHR5144
rs1165,rs1165,ECO07359,SJUSHR5145
rs0600,rs0600,ECO07360,SJUSHR5146
rs0860,rs0860,ECO07361,SJUSHR5147
rs0769,rs0769,ECO07362,SJUSHR5149
rs0191,rs0191,ECO07363,SJUSHR515
rs0180,rs0180,ECO07364,SJUSHR5150
rs0520,rs0520,ECO07365,SJUSHR5151
rs1012,rs1012,ECO07366,SJUSHR5152
rs0271,rs0271,ECO07367,SJUSHR5153
rs0290,rs0290,ECO07368,SJUSHR5154
rs0734,rs0734,ECO07369,SJUSHR5155
rs0645,rs0645,ECO07370,SJUSHR5156
rs0044,rs0044,ECO07371,SJUSHR5157
rs1264,rs1264,ECO07373,SJUSHR5159
rs1108,rs1108,ECO07374,SJUSHR5160
rs0698,rs0698,ECO07375,SJUSHR5161
rs0577,rs0577,ECO07376,SJUSHR5162
rs1107,rs1107,ECO07377,SJUSHR5163
rs0943,rs0943,ECO07378,SJUSHR5164
rs0703,rs0703,ECO07379,SJUSHR5165
rs0691,rs0691,ECO07380,SJUSHR5166
rs0967,rs0967,ECO07381,SJUSHR5167
rs0699,rs0699,ECO07382,SJUSHR5168
rs0727,rs0727,ECO07383,SJUSHR5169
rs0195,rs0195,ECO07384,SJUSHR517
rs0706,rs0706,ECO07385,SJUSHR5170
rs0427,rs0427,ECO07386,SJUSHR5171
rs0668,rs0668,ECO07387,SJUSHR5173
rs0232,rs0232,ECO07388,SJUSHR5174
rs0379,rs0379,ECO07390,SJUSHR5176
rs0674,rs0674,ECO07391,SJUSHR5177
rs0616,rs0616,ECO07392,SJUSHR5178
rs0707,rs0707,ECO07393,SJUSHR5179
rs0448,rs0448,ECO07395,SJUSHR5180
rs0828,rs0828,ECO07396,SJUSHR5181
rs0637,rs0637,ECO07398,SJUSHR5183
rs0695,rs0695,ECO07400,SJUSHR5185
rs1015,rs1015,ECO07401,SJUSHR5186
rs0738,rs0738,ECO07402,SJUSHR5187
rs0683,rs0683,ECO07403,SJUSHR5188
rs0035,rs0035,ECO07404,SJUSHR5189
rs0663,rs0663,ECO07406,SJUSHR5190
rs0720,rs0720,ECO07407,SJUSHR5191
rs0685,rs0685,ECO07408,SJUSHR5192
rs0468,rs0468,ECO07409,SJUSHR5193
rs0697,rs0697,ECO07410,SJUSHR5194
rs1289,rs1289,ECO07412,SJUSHR5196
rs0599,rs0599,ECO07413,SJUSHR5197
rs1325,rs1325,ECO07414,SJUSHR5198
rs1262,rs1262,ECO07415,SJUSHR5199
rs0196,rs0196,ECO07417,SJUSHR520
rs0711,rs0711,ECO07418,SJUSHR5200
rs0976,rs0976,ECO07419,SJUSHR5201
rs0654,rs0654,ECO07420,SJUSHR5202
rs1072,rs1072,ECO07421,SJUSHR5203
rs0931,rs0931,ECO07422,SJUSHR5204
rs0919,rs0919,ECO07423,SJUSHR5205
rs1395,rs1395,ECO07424,SJUSHR5206
rs0693,rs0693,ECO07425,SJUSHR5207
rs0182,rs0182,ECO07427,SJUSHR5209
rs0205,rs0205,ECO07428,SJUSHR521
rs0684,rs0684,ECO07429,SJUSHR5210
rs0051,rs0051,ECO07430,SJUSHR5211
rs0746,rs0746,ECO07431,SJUSHR5212
rs1329,rs1329,ECO07432,SJUSHR5213
rs1317,rs1317,ECO07433,SJUSHR5214
rs0778,rs0778,ECO07434,SJUSHR5215
rs0341,rs0341,ECO07435,SJUSHR5217
rs1383,rs1383,ECO07436,SJUSHR5218
rs0594,rs0594,ECO07437,SJUSHR5219
rs0208,rs0208,ECO07438,SJUSHR522
rs0978,rs0978,ECO07439,SJUSHR5220
rs1159,rs1159,ECO07440,SJUSHR5221
rs0624,rs0624,ECO07442,SJUSHR5223
rs1035,rs1035,ECO07443,SJUSHR5224
rs1149,rs1149,ECO07444,SJUSHR5225
rs1047,rs1047,ECO07445,SJUSHR5226
rs0638,rs0638,ECO07446,SJUSHR5227
rs0653,rs0653,ECO07447,SJUSHR5228
rs0303,rs0303,ECO07448,SJUSHR5229
rs0710,rs0710,ECO07450,SJUSHR5230
rs0340,rs0340,ECO07451,SJUSHR5231
rs1050,rs1050,ECO07452,SJUSHR5232
rs0221,rs0221,ECO07453,SJUSHR5233
rs0075,rs0075,ECO07454,SJUSHR5234
rs0614,rs0614,ECO07455,SJUSHR5235
rs0169,rs0169,ECO07456,SJUSHR5236
rs0062,rs0062,ECO07457,SJUSHR5237
rs0679,rs0679,ECO07458,SJUSHR5238
rs1290,rs1290,ECO07459,SJUSHR5239
rs0932,rs0932,ECO07462,SJUSHR5242
rs0476,rs0476,ECO07463,SJUSHR5243
rs1065,rs1065,ECO07464,SJUSHR5244
rs1043,rs1043,ECO07465,SJUSHR5245
rs1029,rs1029,ECO07466,SJUSHR5246
rs1126,rs1126,ECO07467,SJUSHR5247
rs0068,rs0068,ECO07468,SJUSHR5248
rs0677,rs0677,ECO07469,SJUSHR5249
rs0906,rs0906,ECO07471,SJUSHR5250
rs0680,rs0680,ECO07472,SJUSHR5251
rs1390,rs1390,ECO07474,SJUSHR5253
rs0671,rs0671,ECO07475,SJUSHR5254
rs0124,rs0124,ECO07476,SJUSHR5255
rs0421,rs0421,ECO07478,SJUSHR5257
rs0206,rs0206,ECO07479,SJUSHR5258
rs0598,rs0598,ECO07480,SJUSHR5259
rs0140,rs0140,ECO07482,SJUSHR5260
rs0708,rs0708,ECO07483,SJUSHR5261
rs0192,rs0192,ECO07484,SJUSHR5262
rs0384,rs0384,ECO07485,SJUSHR5263
rs1360,rs1360,ECO07486,SJUSHR5264
rs0641,rs0641,ECO07487,SJUSHR5265
rs0193,rs0193,ECO07488,SJUSHR5266
rs0477,rs0477,ECO07489,SJUSHR5267
rs1406,rs1406,ECO07490,SJUSHR5268
rs0212,rs0212,ECO07491,SJUSHR5269
rs1297,rs1297,ECO07493,SJUSHR5270
rs1315,rs1315,ECO07494,SJUSHR5271
rs0098,rs0098,ECO07495,SJUSHR5272
rs0907,rs0907,ECO07496,SJUSHR5273
rs0189,rs0189,ECO07497,SJUSHR5274
rs1078,rs1078,ECO07498,SJUSHR5275
rs0269,rs0269,ECO07499,SJUSHR5276
rs1286,rs1286,ECO07500,SJUSHR5277
rs0328,rs0328,ECO07501,SJUSHR5278
rs0945,rs0945,ECO07502,SJUSHR5279
rs0626,rs0626,ECO07504,SJUSHR5280
rs1052,rs1052,ECO07506,SJUSHR5282
rs1386,rs1386,ECO07507,SJUSHR5283
rs0220,rs0220,ECO07509,SJUSHR5285
rs0806,rs0806,ECO07510,SJUSHR5286
rs0214,rs0214,ECO07511,SJUSHR5287
rs0460,rs0460,ECO07512,SJUSHR5288
rs0930,rs0930,ECO07513,SJUSHR5289
rs0995,rs0995,ECO07515,SJUSHR5290
rs0203,rs0203,ECO07517,SJUSHR5292
rs0344,rs0344,ECO07518,SJUSHR5293
rs0985,rs0985,ECO07519,SJUSHR5294
rs1388,rs1388,ECO07521,SJUSHR5296
rs1202,rs1202,ECO07522,SJUSHR5297
rs1403,rs1403,ECO07523,SJUSHR5298
rs0104,rs0104,ECO07524,SJUSHR5299
rs1055,rs1055,ECO07527,SJUSHR5300
rs0091,rs0091,ECO07528,SJUSHR5301
rs0813,rs0813,ECO07530,SJUSHR5303
rs1030,rs1030,ECO07531,SJUSHR5304
rs0084,rs0084,ECO07532,SJUSHR5305
rs0179,rs0179,ECO07533,SJUSHR5306
rs0130,rs0130,ECO07535,SJUSHR5308
rs1363,rs1363,ECO07536,SJUSHR5309
rs0017,rs0017,ECO07538,SJUSHR5310
rs0491,rs0491,ECO07539,SJUSHR5311
rs1361,rs1361,ECO07541,SJUSHR5313
rs0566,rs0566,ECO07542,SJUSHR5314
rs0331,rs0331,ECO07543,SJUSHR5315
rs1120,rs1120,ECO07544,SJUSHR5316
rs1089,rs1089,ECO07545,SJUSHR5317
rs0289,rs0289,ECO07546,SJUSHR5318
rs0524,rs0524,ECO07547,SJUSHR5319
rs0981,rs0981,ECO07551,SJUSHR5322
rs1365,rs1365,ECO07552,SJUSHR5323
rs0218,rs0218,ECO07554,SJUSHR5325
rs0948,rs0948,ECO07555,SJUSHR5326
rs0174,rs0174,ECO07556,SJUSHR5327
rs0428,rs0428,ECO07557,SJUSHR5328
rs0005,rs0005,ECO07558,SJUSHR5329
rs0636,rs0636,ECO07560,SJUSHR5330
rs0934,rs0934,ECO07561,SJUSHR5331
rs0007,rs0007,ECO07563,SJUSHR5333
rs0151,rs0151,ECO07566,SJUSHR5336
rs0439,rs0439,ECO07567,SJUSHR5337
rs0534,rs0534,ECO07568,SJUSHR5338
rs1302,rs1302,ECO07569,SJUSHR5339
rs0011,rs0011,ECO07571,SJUSHR5340
rs1213,rs1213,ECO07572,SJUSHR5341
rs0920,rs0920,ECO07573,SJUSHR5342
rs1310,rs1310,ECO07574,SJUSHR5343
rs0900,rs0900,ECO07575,SJUSHR5344
rs1212,rs1212,ECO07576,SJUSHR5345
rs0812,rs0812,ECO07577,SJUSHR5346
rs0320,rs0320,ECO07578,SJUSHR5347
rs0811,rs0811,ECO07579,SJUSHR5348
rs0065,rs0065,ECO07582,SJUSHR5350
rs1169,rs1169,ECO07583,SJUSHR5351
rs0543,rs0543,ECO07584,SJUSHR5352
rs1004,rs1004,ECO07585,SJUSHR5353
rs0082,rs0082,ECO07586,SJUSHR5354
rs1278,rs1278,ECO07587,SJUSHR5355
rs0933,rs0933,ECO07589,SJUSHR5357
rs0392,rs0392,ECO07590,SJUSHR5358
rs1127,rs1127,ECO07594,SJUSHR5361
rs0118,rs0118,ECO07595,SJUSHR5362
rs0521,rs0521,ECO07596,SJUSHR5363
rs0122,rs0122,ECO07597,SJUSHR5364
rs0108,rs0108,ECO07598,SJUSHR5365
rs1260,rs1260,ECO07599,SJUSHR5366
rs0526,rs0526,ECO07601,SJUSHR5368
rs1351,rs1351,ECO07602,SJUSHR5369
rs1367,rs1367,ECO07604,SJUSHR5370
rs0105,rs0105,ECO07605,SJUSHR5371
rs0941,rs0941,ECO07606,SJUSHR5372
rs0188,rs0188,ECO07607,SJUSHR5373
rs1223,rs1223,ECO07608,SJUSHR5374
rs1118,rs1118,ECO07609,SJUSHR5375
rs1180,rs1180,ECO07610,SJUSHR5376
rs0150,rs0150,ECO07611,SJUSHR5377
rs1148,rs1148,ECO07612,SJUSHR5378
rs1074,rs1074,ECO07615,SJUSHR5380
rs0374,rs0374,ECO07617,SJUSHR5382
rs0570,rs0570,ECO07618,SJUSHR5383
rs1002,rs1002,ECO07619,SJUSHR5384
rs1222,rs1222,ECO07620,SJUSHR5385
rs1387,rs1387,ECO07621,SJUSHR5386
rs0275,rs0275,ECO07622,SJUSHR5387
rs1021,rs1021,ECO07623,SJUSHR5388
rs0909,rs0909,ECO07624,SJUSHR5389
rs1087,rs1087,ECO07626,SJUSHR5390
rs1182,rs1182,ECO07627,SJUSHR5391
rs0183,rs0183,ECO07628,SJUSHR5392
rs1033,rs1033,ECO07629,SJUSHR5393
rs0957,rs0957,ECO07630,SJUSHR5394
rs0385,rs0385,ECO07631,SJUSHR5395
rs1156,rs1156,ECO07632,SJUSHR5396
rs0099,rs0099,ECO07633,SJUSHR5397
rs0495,rs0495,ECO07634,SJUSHR5398
rs0378,rs0378,ECO07635,SJUSHR5399
rs0078,rs0078,ECO07638,SJUSHR5400
rs0386,rs0386,ECO07639,SJUSHR5401
rs1128,rs1128,ECO07640,SJUSHR5402
rs0092,rs0092,ECO07641,SJUSHR5403
rs1270,rs1270,ECO07642,SJUSHR5404
rs0408,rs0408,ECO07643,SJUSHR5405
rs0610,rs0610,ECO07644,SJUSHR5406
rs1200,rs1200,ECO07645,SJUSHR5407
rs0960,rs0960,ECO07647,SJUSHR5409
rs1170,rs1170,ECO07649,SJUSHR5410
rs1036,rs1036,ECO07651,SJUSHR5412
rs1353,rs1353,ECO07652,SJUSHR5413
rs1094,rs1094,ECO07653,SJUSHR5414
rs0406,rs0406,ECO07654,SJUSHR5415
rs1174,rs1174,ECO07655,SJUSHR5416
rs0568,rs0568,ECO07657,SJUSHR5418
rs0553,rs0553,ECO07660,SJUSHR5420
rs1184,rs1184,ECO07661,SJUSHR5421
rs0349,rs0349,ECO07662,SJUSHR5422
rs0152,rs0152,ECO07663,SJUSHR5423
rs1179,rs1179,ECO07664,SJUSHR5424
rs1104,rs1104,ECO07666,SJUSHR5426
rs0170,rs0170,ECO07667,SJUSHR5427
rs1151,rs1151,ECO07668,SJUSHR5428
rs0222,rs0222,ECO07703,SJUSHR546
rs0227,rs0227,ECO07969,SJUSHR570
rs0239,rs0239,ECO08368,SJUSHR606
rs0240,rs0240,ECO08379,SJUSHR607
rs0244,rs0244,ECO08423,SJUSHR611
rs0243,rs0243,ECO08434,SJUSHR612
rs0250,rs0250,ECO08534,SJUSHR621
rs0253,rs0253,ECO08599,SJUSHR627
rs0254,rs0254,ECO08621,SJUSHR629
rs0256,rs0256,ECO08655,SJUSHR632
rs0259,rs0259,ECO08688,SJUSHR635
rs0260,rs0260,ECO08710,SJUSHR637
rs0261,rs0261,ECO08732,SJUSHR639
rs0263,rs0263,ECO08777,SJUSHR643
rs0267,rs0267,ECO08788,SJUSHR644
rs0268,rs0268,ECO08799,SJUSHR645
rs0270,rs0270,ECO08810,SJUSHR646
rs0282,rs0282,ECO08997,SJUSHR663
rs0288,rs0288,ECO09084,SJUSHR671
rs0299,rs0299,ECO09272,SJUSHR688
rs0308,rs0308,ECO09473,SJUSHR706
rs0310,rs0310,ECO09506,SJUSHR709
rs0313,rs0313,ECO09551,SJUSHR713
rs0314,rs0314,ECO09562,SJUSHR714
rs0315,rs0315,ECO09606,SJUSHR718
rs0316,rs0316,ECO09617,SJUSHR719
rs0324,rs0324,ECO09727,SJUSHR729
rs0334,rs0334,ECO09923,SJUSHR747
rs0335,rs0335,ECO09967,SJUSHR751
rs0237,rs0237,ECO09977,SJUSHR7519
rs0337,rs0337,ECO10088,SJUSHR762
rs0279,rs0279,ECO10110,SJUSHR7640
rs0128,rs0128,ECO10112,SJUSHR7642
rs0366,rs0366,ECO10113,SJUSHR7643
rs0517,rs0517,ECO10114,SJUSHR7644
rs0536,rs0536,ECO10115,SJUSHR7645
rs0640,rs0640,ECO10116,SJUSHR7646
rs0950,rs0950,ECO10117,SJUSHR7647
rs0209,rs0209,ECO10118,SJUSHR7648
rs0798,rs0798,ECO10119,SJUSHR7649
rs1366,rs1366,ECO10121,SJUSHR7650
rs0329,rs0329,ECO10122,SJUSHR7651
rs1231,rs1231,ECO10123,SJUSHR7652
rs0241,rs0241,ECO10154,SJUSHR7680
rs0127,rs0127,ECO10155,SJUSHR7681
rs0840,rs0840,ECO10156,SJUSHR7682
rs0264,rs0264,ECO10157,SJUSHR7683
rs1028,rs1028,ECO10158,SJUSHR7684
rs1356,rs1356,ECO10159,SJUSHR7685
rs1358,rs1358,ECO10160,SJUSHR7686
rs1389,rs1389,ECO10161,SJUSHR7687
rs1339,rs1339,ECO10162,SJUSHR7688
rs0228,rs0228,ECO10163,SJUSHR7689
rs1399,rs1399,ECO10165,SJUSHR7690
rs0672,rs0672,ECO10168,SJUSHR7693
rs1396,rs1396,ECO10170,SJUSHR7695
rs0573,rs0573,ECO10171,SJUSHR7696
rs0596,rs0596,ECO10172,SJUSHR7697
rs1369,rs1369,ECO10173,SJUSHR7698
rs0585,rs0585,ECO10176,SJUSHR7701
rs0463,rs0463,ECO10177,SJUSHR7702
rs0511,rs0511,ECO10178,SJUSHR7703
rs1288,rs1288,ECO10179,SJUSHR7704
rs1178,rs1178,ECO10180,SJUSHR7705
rs1408,rs1408,ECO10182,SJUSHR7707
rs1409,rs1409,ECO10183,SJUSHR7708
rs1384,rs1384,ECO10184,SJUSHR7709
rs0609,rs0609,ECO10186,SJUSHR7710
rs1279,rs1279,ECO10187,SJUSHR7711
rs1081,rs1081,ECO10188,SJUSHR7712
rs1347,rs1347,ECO10189,SJUSHR7713
rs0473,rs0473,ECO10190,SJUSHR7714
rs0529,rs0529,ECO10191,SJUSHR7715
rs0643,rs0643,ECO10192,SJUSHR7716
rs1292,rs1292,ECO10195,SJUSHR7719
rs1291,rs1291,ECO10198,SJUSHR7721
rs1281,rs1281,ECO10199,SJUSHR7722
rs1259,rs1259,ECO10202,SJUSHR7725
rs1268,rs1268,ECO10204,SJUSHR7727
rs0274,rs0274,ECO10206,SJUSHR7729
rs0447,rs0447,ECO10208,SJUSHR7730
rs0789,rs0789,ECO10209,SJUSHR7732
rs0782,rs0782,ECO10210,SJUSHR7733
rs1354,rs1354,ECO10211,SJUSHR7736
rs1376,rs1376,ECO10217,SJUSHR7742
rs0350,rs0350,ECO10219,SJUSHR7744
rs1001,rs1001,ECO10221,SJUSHR7746
rs1115,rs1115,ECO10222,SJUSHR7747
rs1314,rs1314,ECO10226,SJUSHR7750
rs0014,rs0014,ECO10227,SJUSHR7751
rs0178,rs0178,ECO10230,SJUSHR7754
rs0339,rs0339,ECO10231,SJUSHR7755
rs0364,rs0364,ECO10235,SJUSHR7759
rs0361,rs0361,ECO10237,SJUSHR7760
rs0381,rs0381,ECO10238,SJUSHR7761
rs1400,rs1400,ECO10240,SJUSHR7763
rs1332,rs1332,ECO10244,SJUSHR7767
rs0407,rs0407,ECO10245,SJUSHR7768
rs0452,rs0452,ECO10246,SJUSHR7769
rs0541,rs0541,ECO10249,SJUSHR7771
rs0634,rs0634,ECO10250,SJUSHR7772
rs0615,rs0615,ECO10251,SJUSHR7773
rs0627,rs0627,ECO10252,SJUSHR7774
rs0793,rs0793,ECO10254,SJUSHR7776
rs1045,rs1045,ECO10257,SJUSHR7779
rs1171,rs1171,ECO10260,SJUSHR7781
rs1083,rs1083,ECO10261,SJUSHR7782
rs1100,rs1100,ECO10262,SJUSHR7783
rs1228,rs1228,ECO10264,SJUSHR7785
rs1210,rs1210,ECO10265,SJUSHR7786
rs1207,rs1207,ECO10266,SJUSHR7787
rs1359,rs1359,ECO10267,SJUSHR7788
rs1186,rs1186,ECO10268,SJUSHR7789
rs1227,rs1227,ECO10270,SJUSHR7790
rs0940,rs0940,ECO10276,SJUSHR7796
rs0493,rs0493,ECO10327,SJUSHR7842
rs0936,rs0936,ECO10355,SJUSHR7868
rs0347,rs0347,ECO10457,SJUSHR796
rs0351,rs0351,ECO10579,SJUSHR807
rs0356,rs0356,ECO10635,SJUSHR812
rs0358,rs0358,ECO10668,SJUSHR815
rs0588,rs0588,ECO10691,SJUSHR8171
rs0001,rs0001,ECO10694,SJUSHR8174
rs0003,rs0003,ECO10696,SJUSHR8176
rs0015,rs0015,ECO10699,SJUSHR8179
rs0045,rs0045,ECO10713,SJUSHR8191
rs0073,rs0073,ECO10720,SJUSHR8198
rs0362,rs0362,ECO10743,SJUSHR822
rs0365,rs0365,ECO10765,SJUSHR824
rs0353,rs0353,ECO10766,SJUSHR8240
rs0363,rs0363,ECO10769,SJUSHR8243
rs0372,rs0372,ECO10770,SJUSHR8244
rs0418,rs0418,ECO10775,SJUSHR8249
rs0423,rs0423,ECO10777,SJUSHR8250
rs0424,rs0424,ECO10778,SJUSHR8251
rs0430,rs0430,ECO10779,SJUSHR8252
rs0437,rs0437,ECO10780,SJUSHR8253
rs0512,rs0512,ECO10781,SJUSHR8254
rs0564,rs0564,ECO10785,SJUSHR8258
rs0644,rs0644,ECO10792,SJUSHR8264
rs1446,rs1446,ECO10808,SJUSHR8279
rs0804,rs0804,ECO10810,SJUSHR8280
rs0872,rs0872,ECO10822,SJUSHR8291
rs1346,rs1346,ECO10830,SJUSHR8299
rs0371,rs0371,ECO10832,SJUSHR830
rs0961,rs0961,ECO10834,SJUSHR8301
rs1031,rs1031,ECO10837,SJUSHR8304
rs1058,rs1058,ECO10840,SJUSHR8307
rs1060,rs1060,ECO10842,SJUSHR8309
rs1073,rs1073,ECO10846,SJUSHR8312
rs1098,rs1098,ECO10847,SJUSHR8313
rs1105,rs1105,ECO10848,SJUSHR8314
rs1125,rs1125,ECO10849,SJUSHR8315
rs1172,rs1172,ECO10853,SJUSHR8319
rs1188,rs1188,ECO10857,SJUSHR8322
rs1371,rs1371,ECO10860,SJUSHR8325
rs1382,rs1382,ECO10861,SJUSHR8327
rs1271,rs1271,ECO10875,SJUSHR8340
rs1283,rs1283,ECO10880,SJUSHR8345
rs0373,rs0373,ECO10885,SJUSHR835
rs1298,rs1298,ECO10886,SJUSHR8350
rs1303,rs1303,ECO10887,SJUSHR8351
rs0041,rs0041,ECO10901,SJUSHR8364
rs0417,rs0417,ECO10916,SJUSHR8378
rs1003,rs1003,ECO10935,SJUSHR8395
rs1039,rs1039,ECO10936,SJUSHR8396
rs1113,rs1113,ECO10939,SJUSHR8399
rs1362,rs1362,ECO10942,SJUSHR8400
rs1462,rs1462,ECO10944,SJUSHR8402
rs0777,rs0777,ECO10958,SJUSHR8416
rs1040,rs1040,ECO10960,SJUSHR8418
rs0410,rs0410,ECO10963,SJUSHR8420
rs0382,rs0382,ECO11103,SJUSHR855
rs0383,rs0383,ECO11114,SJUSHR856
rs0390,rs0390,ECO11245,SJUSHR868
rs0946,rs0946,ECO11262,SJUSHR8695
rs0817,rs0817,ECO11443,SJUSHR8862
rs0396,rs0396,ECO11451,SJUSHR887
rs0825,rs0825,ECO11458,SJUSHR8876
rs1287,rs1287,ECO11459,SJUSHR8877
rs0666,rs0666,ECO11464,SJUSHR8881
rs0875,rs0875,ECO11465,SJUSHR8882
rs0744,rs0744,ECO11469,SJUSHR8886
rs0397,rs0397,ECO11473,SJUSHR889
rs0398,rs0398,ECO11485,SJUSHR890
rs0567,rs0567,ECO11496,SJUSHR8910
rs1091,rs1091,ECO11497,SJUSHR8912
rs1345,rs1345,ECO11536,SJUSHR8949
rs0401,rs0401,ECO11559,SJUSHR897
rs0402,rs0402,ECO11635,SJUSHR904
rs0405,rs0405,ECO11667,SJUSHR907
rs0409,rs0409,ECO11689,SJUSHR909
rs0502,rs0502,ECO11691,SJUSHR9091
rs1191,rs1191,ECO11716,SJUSHR9115
rs1245,rs1245,ECO11815,SJUSHR9207
rs0420,rs0420,ECO11840,SJUSHR923
rs0283,rs0283,ECO11869,SJUSHR9256
rs0002,rs0002,ECO11891,SJUSHR9276
rs1391,rs1391,ECO11899,SJUSHR9283
rs1301,rs1301,ECO11912,SJUSHR9296
rs1300,rs1300,ECO11918,SJUSHR9300
rs0436,rs0436,ECO11970,SJUSHR935
rs1284,rs1284,ECO12007,SJUSHR9383
rs0440,rs0440,ECO12014,SJUSHR939
rs0446,rs0446,ECO12059,SJUSHR943
rs1333,rs1333,ECO12070,SJUSHR944
rs1336,rs1336,ECO12148,SJUSHR951
rs0449,rs0449,ECO12170,SJUSHR953
rs0451,rs0451,ECO12190,SJUSHR955
rs0453,rs0453,ECO12243,SJUSHR960
rs0458,rs0458,ECO12319,SJUSHR967
rs0461,rs0461,ECO12341,SJUSHR969
rs0466,rs0466,ECO12462,SJUSHR980
rs0478,rs0478,ECO12636,SJUSHR996
rs0675,rs0675,ECO12680,SJUSHR8900
rs0072,rs0072,ECO12681,SJUSHR8911
rs0814,rs0814,ECO12721,JAfaint348
rs0040,rs0040,ECO12722,JAfaint358
rs0046,rs0046,ECO12729,JAfaint390
rs0327,rs0327,ECO12730,JAfaint392
rs0215,rs0215,ECO12733,JAfaint410
rs0043,rs0043,ECO12734,JAfaint411
rs0360,rs0360,ECO12735,JAfaint415
rs0715,rs0715,ECO12736,JAfaint418
rs0736,rs0736,ECO12737,JAfaint420
rs0550,rs0550,ECO12738,JAfaint421
rs0186,rs0186,ECO12739,JAfaint423
rs1199,rs1199,ECO12740,JAfaint424
rs0743,rs0743,ECO12741,JAfaint425
rs0301,rs0301,ECO12742,JAfaint426
rs0039,rs0039,ECO12743,JAfaint432
rs0914,rs0914,ECO12744,JAfaint434
rs0580,rs0580,ECO12745,JAfaint438
rs1135,rs1135,ECO12747,JAfaint453
rs0623,rs0623,ECO12768,JAfaint588
rs0110,rs0110,ECO12770,JAfaint590
rs1405,rs1405,ECO12771,JAfaint594
rs0277,rs0277,ECO12772,JAfaint597
rs0311,rs0311,ECO12774,JAfaint601
rs0490,rs0490,ECO12775,JAfaint603
rs0515,rs0515,ECO12776,JAfaint605
rs0702,rs0702,ECO12777,JAfaint606
rs0060,rs0060,ECO12778,JAfaint609
rs0177,rs0177,ECO12779,JAfaint610
rs0422,rs0422,ECO12780,JAfaint621
rs0132,rs0132,ECO12783,JAfaint632
rs0216,rs0216,ECO12796,JAfaint684
rs1006,rs1006,ECO12800,JAfaint702
rs0394,rs0394,ECO12822,JAfaint80
rs0605,rs0605,ECO12827,JAfaint84
rs0821,rs0821,ECO12851,JAfaint979
rs0604,rs0604,ECO12852,PossJadd1002
rs0621,rs0621,ECO12855,PossJadd1009
rs0631,rs0631,ECO12858,PossJadd1014
rs0661,rs0661,ECO12862,PossJadd1018
rs0665,rs0665,ECO12863,PossJadd1020
rs0678,rs0678,ECO12864,PossJadd1022
rs0701,rs0701,ECO12865,PossJadd1027
rs0704,rs0704,ECO12866,PossJadd1028
rs0742,rs0742,ECO12874,PossJadd1051
rs0760,rs0760,ECO12880,PossJadd1064
rs0776,rs0776,ECO12884,PossJadd1070
rs0795,rs0795,ECO12888,PossJadd1109
rs0857,rs0857,ECO12895,PossJadd1156
rs0867,rs0867,ECO12897,PossJadd1164
rs0881,rs0881,ECO12903,PossJadd1178
rs0885,rs0885,ECO12904,PossJadd1179
rs0905,rs0905,ECO12911,PossJadd1205
rs0915,rs0915,ECO12916,PossJadd1222
rs0975,rs0975,ECO12950,PossJadd1308
rs0982,rs0982,ECO12958,PossJadd1320
rs0986,rs0986,ECO12960,PossJadd1322
rs0993,rs0993,ECO12961,PossJadd1326
rs0998,rs0998,ECO12965,PossJadd1339
rs1011,rs1011,ECO12966,PossJadd1341
rs1017,rs1017,ECO12968,PossJadd1344
rs1026,rs1026,ECO12971,PossJadd1355
rs1141,rs1141,ECO12987,PossJadd1435
rs1175,rs1175,ECO12990,PossJadd1443
rs1221,rs1221,ECO12998,PossJadd1472
rs1269,rs1269,ECO13027,PossJadd1571
rs1277,rs1277,ECO13061,PossJadd1709
rs0047,rs0047,ECO13146,PossJadd202
rs0816,rs0816,ECO13165,PossJadd2073
rs0819,rs0819,ECO13166,PossJadd2074
rs0820,rs0820,ECO13167,PossJadd2075
rs0822,rs0822,ECO13168,PossJadd2076
rs0057,rs0057,ECO13211,PossJadd222
rs0066,rs0066,ECO13244,PossJadd235
rs1410,rs1410,ECO13246,PossJadd2383
rs0067,rs0067,ECO13247,PossJadd239
rs0069,rs0069,ECO13248,PossJadd241
rs1136,rs1136,ECO13250,PossJadd2429
rs0856,rs0856,ECO13263,PossJadd2536
rs0487,rs0487,ECO13302,PossJadd2855
rs0874,rs0874,ECO13304,PossJadd2861
rs0910,rs0910,ECO13308,PossJadd2888
rs0199,rs0199,ECO13317,PossJadd2990
rs0507,rs0507,ECO13320,PossJadd3068
rs0807,rs0807,ECO13322,PossJadd3101
rs1256,rs1256,ECO13324,PossJadd3167
rs1252,rs1252,ECO13345,PossJadd3269
rs1517,rs1517,ECO13362,PossJadd3452
rs1489,rs1489,ECO13364,PossJadd3490
rs1514,rs1514,ECO13365,PossJadd3496
rs0139,rs0139,ECO13376,PossJadd375
rs0173,rs0173,ECO13387,PossJadd428
rs1413,rs1413,ECO13389,PossJadd436
rs0184,rs0184,ECO13395,PossJadd457
rs0198,rs0198,ECO13398,PossJadd465
rs0204,rs0204,ECO13399,PossJadd468
rs0219,rs0219,ECO13404,PossJadd481
rs1330,rs1330,ECO13421,PossJadd556
rs0292,rs0292,ECO13426,PossJadd577
rs0297,rs0297,ECO13430,PossJadd587
rs0302,rs0302,ECO13432,PossJadd590
rs0318,rs0318,ECO13436,PossJadd606
rs1414,rs1414,ECO13444,PossJadd634
rs0348,rs0348,ECO13448,PossJadd641
rs0388,rs0388,ECO13468,PossJadd688
rs0404,rs0404,ECO13473,PossJadd713
rs0434,rs0434,ECO13476,PossJadd734
rs0438,rs0438,ECO13477,PossJadd735
rs0484,rs0484,ECO13487,PossJadd766
rs0501,rs0501,ECO13491,PossJadd778
rs0513,rs0513,ECO13494,PossJadd795
rs0514,rs0514,ECO13495,PossJadd796
rs0009,rs0009,ECO13504,PossJadd83
rs0545,rs0545,ECO13508,PossJadd840
rs0586,rs0586,ECO13539,PossJadd963
rs0589,rs0589,ECO13542,PossJadd980
rs0510,rs0510,ECO13571,PossJaddf866
rs0584,rs0584,ECO13572,PossJaddf868
rs1099,rs1099,ECO13573,PossJaddf873
rs0338,rs0338,ECO13574,PossJaddf875
rs0964,rs0964,ECO13585,SJUSHR5106
rs0597,rs0597,ECO13586,SJUSHR5216
rs0004,rs0004,ECO13603,ECOaddrs0004
rs1313,rs1313,ECO13604,ECOaddrs1313
rs0024,rs0024,ECO13605,ECOaddrs0024
rs0026,rs0026,ECO13606,ECOaddrs0026
rs0028,rs0028,ECO13607,ECOaddrs0028
rs0037,rs0037,ECO13608,ECOaddrs0037
rs0058,rs0058,ECO13609,ECOaddrs0058
rs0161,rs0161,ECO13610,ECOaddrs0161
rs0164,rs0164,ECO13611,ECOaddrs0164
rs0207,rs0207,ECO13612,ECOaddrs0207
rs0217,rs0217,ECO13613,ECOaddrs0217
rs0223,rs0223,ECO13614,ECOaddrs0223
rs0230,rs0230,ECO13615,ECOaddrs0230
rs0233,rs0233,ECO13616,ECOaddrs0233
rs0235,rs0235,ECO13617,ECOaddrs0235
rs0238,rs0238,ECO13618,ECOaddrs0238
rs0248,rs0248,ECO13619,ECOaddrs0248
rs0252,rs0252,ECO13620,ECOaddrs0252
rs0265,rs0265,ECO13621,ECOaddrs0265
rs0272,rs0272,ECO13622,ECOaddrs0272
rs0281,rs0281,ECO13623,ECOaddrs0281
rs0285,rs0285,ECO13624,ECOaddrs0285
rs0286,rs0286,ECO13625,ECOaddrs0286
rs0291,rs0291,ECO13626,ECOaddrs0291
rs0293,rs0293,ECO13627,ECOaddrs0293
rs0295,rs0295,ECO13628,ECOaddrs0295
rs0298,rs0298,ECO13629,ECOaddrs0298
rs0304,rs0304,ECO13630,ECOaddrs0304
rs0307,rs0307,ECO13631,ECOaddrs0307
rs0309,rs0309,ECO13632,ECOaddrs0309
rs0312,rs0312,ECO13633,ECOaddrs0312
rs0326,rs0326,ECO13634,ECOaddrs0326
rs0333,rs0333,ECO13635,ECOaddrs0333
rs0342,rs0342,ECO13636,ECOaddrs0342
rs0345,rs0345,ECO13637,ECOaddrs0345
rs0357,rs0357,ECO13638,ECOaddrs0357
rs0368,rs0368,ECO13639,ECOaddrs0368
rs0369,rs0369,ECO13640,ECOaddrs0369
rs0370,rs0370,ECO13641,ECOaddrs0370
rs0412,rs0412,ECO13642,ECOaddrs0412
rs0413,rs0413,ECO13643,ECOaddrs0413
rs0414,rs0414,ECO13644,ECOaddrs0414
rs0415,rs0415,ECO13645,ECOaddrs0415
rs0426,rs0426,ECO13646,ECOaddrs0426
rs0431,rs0431,ECO13647,ECOaddrs0431
rs0441,rs0441,ECO13648,ECOaddrs0441
rs0443,rs0443,ECO13649,ECOaddrs0443
rs0450,rs0450,ECO13650,ECOaddrs0450
rs0455,rs0455,ECO13651,ECOaddrs0455
rs0457,rs0457,ECO13652,ECOaddrs0457
rs0459,rs0459,ECO13653,ECOaddrs0459
rs0462,rs0462,ECO13654,ECOaddrs0462
rs0464,rs0464,ECO13655,ECOaddrs0464
rs0465,rs0465,ECO13656,ECOaddrs0465
rs0467,rs0467,ECO13657,ECOaddrs0467
rs0471,rs0471,ECO13658,ECOaddrs0471
rs0475,rs0475,ECO13659,ECOaddrs0475
rs0479,rs0479,ECO13660,ECOaddrs0479
rs0483,rs0483,ECO13661,ECOaddrs0483
rs0488,rs0488,ECO13662,ECOaddrs0488
rs0489,rs0489,ECO13663,ECOaddrs0489
rs0499,rs0499,ECO13664,ECOaddrs0499
rs0500,rs0500,ECO13665,ECOaddrs0500
rs0504,rs0504,ECO13666,ECOaddrs0504
rs0506,rs0506,ECO13667,ECOaddrs0506
rs0518,rs0518,ECO13668,ECOaddrs0518
rs0523,rs0523,ECO13669,ECOaddrs0523
rs0525,rs0525,ECO13670,ECOaddrs0525
rs0527,rs0527,ECO13671,ECOaddrs0527
rs0530,rs0530,ECO13672,ECOaddrs0530
rs0535,rs0535,ECO13673,ECOaddrs0535
rs0539,rs0539,ECO13674,ECOaddrs0539
rs0551,rs0551,ECO13675,ECOaddrs0551
rs0557,rs0557,ECO13676,ECOaddrs0557
rs0558,rs0558,ECO13677,ECOaddrs0558
rs0569,rs0569,ECO13678,ECOaddrs0569
rs0575,rs0575,ECO13679,ECOaddrs0575
rs0576,rs0576,ECO13680,ECOaddrs0576
rs0581,rs0581,ECO13681,ECOaddrs0581
rs0583,rs0583,ECO13682,ECOaddrs0583
rs0590,rs0590,ECO13683,ECOaddrs0590
rs0606,rs0606,ECO13684,ECOaddrs0606
rs0607,rs0607,ECO13685,ECOaddrs0607
rs0611,rs0611,ECO13686,ECOaddrs0611
rs0613,rs0613,ECO13687,ECOaddrs0613
rs0628,rs0628,ECO13688,ECOaddrs0628
rs0635,rs0635,ECO13689,ECOaddrs0635
rs0646,rs0646,ECO13690,ECOaddrs0646
rs0655,rs0655,ECO13691,ECOaddrs0655
rs0657,rs0657,ECO13692,ECOaddrs0657
rs0686,rs0686,ECO13693,ECOaddrs0686
rs0700,rs0700,ECO13694,ECOaddrs0700
rs0712,rs0712,ECO13695,ECOaddrs0712
rs0718,rs0718,ECO13696,ECOaddrs0718
rs0721,rs0721,ECO13697,ECOaddrs0721
rs0729,rs0729,ECO13698,ECOaddrs0729
rs0730,rs0730,ECO13699,ECOaddrs0730
rs0732,rs0732,ECO13700,ECOaddrs0732
rs0735,rs0735,ECO13701,ECOaddrs0735
rs0737,rs0737,ECO13702,ECOaddrs0737
rs0739,rs0739,ECO13703,ECOaddrs0739
rs0753,rs0753,ECO13704,ECOaddrs0753
rs0759,rs0759,ECO13705,ECOaddrs0759
rs0765,rs0765,ECO13706,ECOaddrs0765
rs0770,rs0770,ECO13707,ECOaddrs0770
rs0772,rs0772,ECO13708,ECOaddrs0772
rs0773,rs0773,ECO13709,ECOaddrs0773
rs0780,rs0780,ECO13710,ECOaddrs0780
rs0787,rs0787,ECO13711,ECOaddrs0787
rs0792,rs0792,ECO13712,ECOaddrs0792
rs0796,rs0796,ECO13713,ECOaddrs0796
rs0803,rs0803,ECO13714,ECOaddrs0803
rs0837,rs0837,ECO13715,ECOaddrs0837
rs0841,rs0841,ECO13716,ECOaddrs0841
rs0864,rs0864,ECO13717,ECOaddrs0864
rs0876,rs0876,ECO13718,ECOaddrs0876
rs0890,rs0890,ECO13719,ECOaddrs0890
rs0894,rs0894,ECO13720,ECOaddrs0894
rs0895,rs0895,ECO13721,ECOaddrs0895
rs0898,rs0898,ECO13722,ECOaddrs0898
rs0901,rs0901,ECO13723,ECOaddrs0901
rs0904,rs0904,ECO13724,ECOaddrs0904
rs0908,rs0908,ECO13725,ECOaddrs0908
rs0913,rs0913,ECO13726,ECOaddrs0913
rs0917,rs0917,ECO13727,ECOaddrs0917
rs0924,rs0924,ECO13728,ECOaddrs0924
rs0926,rs0926,ECO13729,ECOaddrs0926
rs0937,rs0937,ECO13730,ECOaddrs0937
rs0938,rs0938,ECO13731,ECOaddrs0938
rs0939,rs0939,ECO13732,ECOaddrs0939
rs0949,rs0949,ECO13733,ECOaddrs0949
rs0956,rs0956,ECO13734,ECOaddrs0956
rs0971,rs0971,ECO13735,ECOaddrs0971
rs0987,rs0987,ECO13736,ECOaddrs0987
rs0994,rs0994,ECO13737,ECOaddrs0994
rs1008,rs1008,ECO13738,ECOaddrs1008
rs1019,rs1019,ECO13739,ECOaddrs1019
rs1024,rs1024,ECO13740,ECOaddrs1024
rs1037,rs1037,ECO13741,ECOaddrs1037
rs1042,rs1042,ECO13742,ECOaddrs1042
rs1044,rs1044,ECO13743,ECOaddrs1044
rs1051,rs1051,ECO13744,ECOaddrs1051
rs1063,rs1063,ECO13745,ECOaddrs1063
rs1064,rs1064,ECO13746,ECOaddrs1064
rs1069,rs1069,ECO13747,ECOaddrs1069
rs1075,rs1075,ECO13748,ECOaddrs1075
rs1088,rs1088,ECO13749,ECOaddrs1088
rs1095,rs1095,ECO13750,ECOaddrs1095
rs1096,rs1096,ECO13751,ECOaddrs1096
rs1101,rs1101,ECO13752,ECOaddrs1101
rs1130,rs1130,ECO13753,ECOaddrs1130
rs1133,rs1133,ECO13754,ECOaddrs1133
rs1140,rs1140,ECO13755,ECOaddrs1140
rs1153,rs1153,ECO13756,ECOaddrs1153
rs1155,rs1155,ECO13757,ECOaddrs1155
rs1161,rs1161,ECO13758,ECOaddrs1161
rs1167,rs1167,ECO13759,ECOaddrs1167
rs1173,rs1173,ECO13760,ECOaddrs1173
rs1194,rs1194,ECO13761,ECOaddrs1194
rs1215,rs1215,ECO13762,ECOaddrs1215
rs1237,rs1237,ECO13763,ECOaddrs1237
rs1375,rs1375,ECO13764,ECOaddrs1375
rs1242,rs1242,ECO13765,ECOaddrs1242
rs1378,rs1378,ECO13766,ECOaddrs1378
rs1244,rs1244,ECO13767,ECOaddrs1244
rs1247,rs1247,ECO13768,ECOaddrs1247
rs1379,rs1379,ECO13769,ECOaddrs1379
rs1380,rs1380,ECO13770,ECOaddrs1380
rs1381,rs1381,ECO13771,ECOaddrs1381
rs1249,rs1249,ECO13772,ECOaddrs1249
rs1250,rs1250,ECO13773,ECOaddrs1250
rs1253,rs1253,ECO13774,ECOaddrs1253
rs1393,rs1393,ECO13775,ECOaddrs1393
rs1275,rs1275,ECO13776,ECOaddrs1275
rs1305,rs1305,ECO13777,ECOaddrs1305
rs1306,rs1306,ECO13778,ECOaddrs1306
rs1312,rs1312,ECO13779,ECOaddrs1312
rs0079,rs0079,ECO13780,ECOaddrs0079
rs0245,rs0245,ECO13781,ECOaddrs0245
rs0287,rs0287,ECO13782,ECOaddrs0287
rs0294,rs0294,ECO13783,ECOaddrs0294
rs0902,rs0902,ECO13784,ECOaddrs0902
rs1203,rs1203,ECO13785,ECOaddrs1203
rs1415,rs1415,ECO13786,ECOaddrs1415
rs1416,rs1416,ECO13787,ECOaddrs1416
rs1417,rs1417,ECO13788,ECOaddrs1417
rs1418,rs1418,ECO13789,ECOaddrs1418
rs1419,rs1419,ECO13790,ECOaddrs1419
rs1420,rs1420,ECO13791,ECOaddrs1420
rs1421,rs1421,ECO13792,ECOaddrs1421
rs1422,rs1422,ECO13793,ECOaddrs1422
rs1423,rs1423,ECO13794,ECOaddrs1423
rs1424,rs1424,ECO13795,ECOaddrs1424
rs1425,rs1425,ECO13796,ECOaddrs1425
rs1426,rs1426,ECO13797,ECOaddrs1426
rs1427,rs1427,ECO13798,ECOaddrs1427
rs1428,rs1428,ECO13799,ECOaddrs1428
rs1429,rs1429,ECO13800,ECOaddrs1429
rs1430,rs1430,ECO13801,ECOaddrs1430
rs1431,rs1431,ECO13802,ECOaddrs1431
rs1432,rs1432,ECO13803,ECOaddrs1432
rs1433,rs1433,ECO13804,ECOaddrs1433
rs1434,rs1434,ECO13805,ECOaddrs1434
rs1435,rs1435,ECO13806,ECOaddrs1435
rs1436,rs1436,ECO13807,ECOaddrs1436
rs1437,rs1437,ECO13808,ECOaddrs1437
rs1438,rs1438,ECO13809,ECOaddrs1438
rs1439,rs1439,ECO13810,ECOaddrs1439
rs1440,rs1440,ECO13811,ECOaddrs1440
rs1441,rs1441,ECO13812,ECOaddrs1441
rs1442,rs1442,ECO13813,ECOaddrs1442
rs1443,rs1443,ECO13814,ECOaddrs1443
rs1444,rs1444,ECO13815,ECOaddrs1444
rs1445,rs1445,ECO13816,ECOaddrs1445
rs1447,rs1447,ECO13817,ECOaddrs1447
rs1448,rs1448,ECO13818,ECOaddrs1448
rs1449,rs1449,ECO13819,ECOaddrs1449
rs1450,rs1450,ECO13820,ECOaddrs1450
rs1451,rs1451,ECO13821,ECOaddrs1451
rs1452,rs1452,ECO13822,ECOaddrs1452
rs1453,rs1453,ECO13823,ECOaddrs1453
rs1454,rs1454,ECO13824,ECOaddrs1454
rs1455,rs1455,ECO13825,ECOaddrs1455
rs1456,rs1456,ECO13826,ECOaddrs1456
rs1457,rs1457,ECO13827,ECOaddrs1457
rs1458,rs1458,ECO13828,ECOaddrs1458
rs1459,rs1459,ECO13829,ECOaddrs1459
rs1460,rs1460,ECO13830,ECOaddrs1460
rs1461,rs1461,ECO13831,ECOaddrs1461
rs1463,rs1463,ECO13832,ECOaddrs1463
rs1464,rs1464,ECO13833,ECOaddrs1464
rs1465,rs1465,ECO13834,ECOaddrs1465
rs1466,rs1466,ECO13835,ECOaddrs1466
rs1467,rs1467,ECO13836,ECOaddrs1467
rs1468,rs1468,ECO13837,ECOaddrs1468
rs1469,rs1469,ECO13838,ECOaddrs1469
rs1470,rs1470,ECO13839,ECOaddrs1470
rs1471,rs1471,ECO13840,ECOaddrs1471
rs1472,rs1472,ECO13841,ECOaddrs1472
rs1473,rs1473,ECO13842,ECOaddrs1473
rs1474,rs1474,ECO13843,ECOaddrs1474
rs1475,rs1475,ECO13844,ECOaddrs1475
rs1476,rs1476,ECO13845,ECOaddrs1476
rs1477,rs1477,ECO13846,ECOaddrs1477
rs1478,rs1478,ECO13847,ECOaddrs1478
rs1479,rs1479,ECO13848,ECOaddrs1479
rs1480,rs1480,ECO13849,ECOaddrs1480
rs1481,rs1481,ECO13850,ECOaddrs1481
rs1482,rs1482,ECO13851,ECOaddrs1482
rs1483,rs1483,ECO13852,ECOaddrs1483
rs1484,rs1484,ECO13853,ECOaddrs1484
rs1485,rs1485,ECO13854,ECOaddrs1485
rs1486,rs1486,ECO13855,ECOaddrs1486
rs1487,rs1487,ECO13856,ECOaddrs1487
rs1488,rs1488,ECO13857,ECOaddrs1488
rs1490,rs1490,ECO13858,ECOaddrs1490
rs1491,rs1491,ECO13859,ECOaddrs1491
rs1492,rs1492,ECO13860,ECOaddrs1492
rs1493,rs1493,ECO13861,ECOaddrs1493
rs1494,rs1494,ECO13862,ECOaddrs1494
rs1495,rs1495,ECO13863,ECOaddrs1495
rs1496,rs1496,ECO13864,ECOaddrs1496
rs1497,rs1497,ECO13865,ECOaddrs1497
rs1498,rs1498,ECO13866,ECOaddrs1498
rs1499,rs1499,ECO13867,ECOaddrs1499
rs1500,rs1500,ECO13868,ECOaddrs1500
rs1501,rs1501,ECO13869,ECOaddrs1501
rs1502,rs1502,ECO13870,ECOaddrs1502
rs1503,rs1503,ECO13871,ECOaddrs1503
rs1504,rs1504,ECO13872,ECOaddrs1504
rs1505,rs1505,ECO13873,ECOaddrs1505
rs1506,rs1506,ECO13874,ECOaddrs1506
rs1508,rs1508,ECO13875,ECOaddrs1508
rs1509,rs1509,ECO13876,ECOaddrs1509
rs1510,rs1510,ECO13877,ECOaddrs1510
rs1511,rs1511,ECO13878,ECOaddrs1511
rs1512,rs1512,ECO13879,ECOaddrs1512
rs1513,rs1513,ECO13880,ECOaddrs1513
rs1515,rs1515,ECO13881,ECOaddrs1515
rs1516,rs1516,ECO13882,ECOaddrs1516
rs1518,rs1518,ECO13883,ECOaddrs1518
