jushrname,econame,resname
SJUSHR8174,ECO10694,rs0001
SJUSHR9276,ECO11891,rs0002
SJUSHR8176,ECO10696,rs0003
ECOaddrs0004,ECO13603,rs0004
ECOaddrs1313,ECO13604,rs1313
SJUSHR5329,ECO07558,rs0005
SJUSHR7750,ECO10226,rs1314
PossJadd72,ECO01303,rs0006
SJUSHR5333,ECO07563,rs0007
PossJadd83,ECO13504,rs0009
SJUSHR3054,ECO05069,rs0010
SJUSHR5340,ECO07571,rs0011
SJUSHR3187,ECO05215,rs0012
SJUSHR5133,ECO07346,rs0013
SJUSHR7751,ECO10227,rs0014
SJUSHR8179,ECO10699,rs0015
SJUSHR5025,ECO07227,rs0016
SJUSHR5310,ECO07538,rs0017
SJUSHR124,ECO03087,rs0018
SJUSHR3200,ECO05231,rs0019
PossJadd130,ECO00822,rs0020
SJUSHR3069,ECO05085,rs0021
SJUSHR169,ECO03582,rs0022
PossJadd178,ECO00902,rs0023
ECOaddrs0024,ECO13605,rs0024
SJUSHR5092,ECO07301,rs0025
ECOaddrs0026,ECO13606,rs0026
SJUSHR3056,ECO05071,rs0027
ECOaddrs0028,ECO13607,rs0028
SJUSHR181,ECO03714,rs0029
SJUSHR3053,ECO05068,rs0030
SJUSHR182,ECO03725,rs0031
SJUSHR183,ECO03736,rs0032
SJUSHR5144,ECO07358,rs0033
PossJadd192,ECO00928,rs0034
SJUSHR5189,ECO07404,rs0035
ECOaddrs0037,ECO13608,rs0037
SJUSHR5094,ECO07303,rs0038
JAfaint432,ECO12743,rs0039
JAfaint358,ECO12722,rs0040
SJUSHR8364,ECO10901,rs0041
SJUSHR3051,ECO05066,rs0042
JAfaint411,ECO12734,rs0043
SJUSHR5157,ECO07371,rs0044
SJUSHR8191,ECO10713,rs0045
JAfaint390,ECO12729,rs0046
SJUSHR5271,ECO07494,rs1315
PossJadd202,ECO13146,rs0047
SJUSHR193,ECO03845,rs0048
SJUSHR196,ECO03878,rs0049
PossJaddf35,ECO01594,rs1316
SJUSHR198,ECO03900,rs0050
SJUSHR5211,ECO07430,rs0051
SJUSHR199,ECO03910,rs0052
SJUSHR203,ECO03956,rs0053
SJUSHR4759,ECO06938,rs0054
SJUSHR205,ECO03977,rs0055
SJUSHR4760,ECO06940,rs0056
PossJadd222,ECO13211,rs0057
ECOaddrs0058,ECO13609,rs0058
SJUSHR5214,ECO07433,rs1317
PossJaddf38,ECO01625,rs0059
JAfaint609,ECO12778,rs0060
SJUSHR221,ECO04153,rs1318
SJUSHR222,ECO04164,rs1319
SJUSHR5237,ECO07457,rs0062
SJUSHR3250,ECO05286,rs0063
SJUSHR227,ECO04219,rs0064
SJUSHR5350,ECO07582,rs0065
PossJadd235,ECO13244,rs0066
PossJadd239,ECO13247,rs0067
SJUSHR5248,ECO07468,rs0068
PossJadd241,ECO13248,rs0069
SJUSHR5057,ECO07262,rs0070
SJUSHR3060,ECO05076,rs0071
SJUSHR4761,ECO06941,rs1320
SJUSHR8911,ECO12681,rs0072
SJUSHR8198,ECO10720,rs0073
SJUSHR3061,ECO05077,rs0074
SJUSHR5234,ECO07454,rs0075
SJUSHR238,ECO04337,rs0077
SJUSHR5400,ECO07638,rs0078
SJUSHR242,ECO04378,rs0080
SJUSHR5127,ECO07339,rs0081
SJUSHR5354,ECO07586,rs0082
PossJadd263,ECO01091,rs0083
SJUSHR5305,ECO07532,rs0084
SJUSHR255,ECO04521,rs0085
SJUSHR4762,ECO06942,rs0086
SJUSHR4643,ECO06812,rs0088
PossJadd277,ECO01114,rs0087
SJUSHR258,ECO04553,rs0089
SJUSHR4886,ECO07075,rs0090
SJUSHR5301,ECO07528,rs0091
SJUSHR5403,ECO07641,rs0092
SJUSHR269,ECO04668,rs0093
SJUSHR272,ECO04702,rs0094
SJUSHR5135,ECO07348,rs0095
SJUSHR3276,ECO05314,rs0096
SJUSHR3277,ECO05315,rs0097
SJUSHR5272,ECO07495,rs0098
SJUSHR5397,ECO07633,rs0099
SJUSHR287,ECO04865,rs0100
SJUSHR289,ECO04887,rs0101
PossJaddf45,ECO01689,rs0102
SJUSHR3283,ECO05322,rs0103
SJUSHR5299,ECO07524,rs0104
SJUSHR5371,ECO07605,rs0105
PossJaddf48,ECO01721,rs0106
SJUSHR4711,ECO06886,rs0107
SJUSHR5365,ECO07598,rs0108
SJUSHR296,ECO04965,rs0109
JAfaint590,ECO12770,rs0110
PossJadd322,ECO01185,rs0111
SJUSHR3068,ECO05084,rs1321
SJUSHR317,ECO05196,rs0112
SJUSHR3057,ECO05072,rs1322
SJUSHR3306,ECO05348,rs0113
SJUSHR329,ECO05329,rs0114
PossJaddf52,ECO01764,rs0115
SJUSHR335,ECO05395,rs0117
SJUSHR5362,ECO07595,rs0118
SJUSHR5059,ECO07264,rs0119
SJUSHR3316,ECO05359,rs0120
SJUSHR349,ECO05548,rs0121
SJUSHR5364,ECO07597,rs0122
SJUSHR10699,ECO02893,rs0123
SJUSHR5255,ECO07476,rs0124
SJUSHR3318,ECO05361,rs0125
JAfaint586,ECO00430,rs0126
SJUSHR7681,ECO10155,rs0127
SJUSHR7642,ECO10112,rs0128
SJUSHR367,ECO05745,rs0129
SJUSHR5308,ECO07535,rs0130
SJUSHR368,ECO05756,rs0131
JAfaint632,ECO12783,rs0132
SJUSHR373,ECO05809,rs0133
SJUSHR374,ECO05820,rs0134
SJUSHR387,ECO05961,rs0135
SJUSHR3328,ECO05372,rs0136
SJUSHR3080,ECO05097,rs0137
JAfaint449,ECO00302,rs0138
PossJadd375,ECO13376,rs0139
SJUSHR5260,ECO07482,rs0140
SJUSHR3335,ECO05380,rs0141
SJUSHR394,ECO06037,rs0142
SJUSHR396,ECO06059,rs0143
SJUSHR5048,ECO07252,rs0145
SJUSHR399,ECO06092,rs0146
SJUSHR398,ECO06081,rs0147
SJUSHR401,ECO06116,rs0148
SJUSHR3074,ECO05090,rs0149
PossJaddf59,ECO01834,rs1323
SJUSHR407,ECO06182,rs1324
SJUSHR5377,ECO07611,rs0150
SJUSHR5336,ECO07566,rs0151
SJUSHR5423,ECO07663,rs0152
SJUSHR3348,ECO05393,rs0153
PossJadd398,ECO01248,rs0154
SJUSHR5198,ECO07414,rs1325
SJUSHR3350,ECO05396,rs0155
SJUSHR4851,ECO07037,rs0156
PossJadd406,ECO01250,rs0157
SJUSHR5126,ECO07338,rs0158
SJUSHR424,ECO06368,rs0159
SJUSHR4891,ECO07081,rs0160
ECOaddrs0161,ECO13610,rs0161
SJUSHR427,ECO06401,rs0162
SJUSHR3355,ECO05400,rs0163
ECOaddrs0164,ECO13611,rs0164
SJUSHR4892,ECO07082,rs0165
SJUSHR434,ECO06478,rs0166
PossJadd417,ECO01252,rs0167
SJUSHR5072,ECO07279,rs0168
SJUSHR438,ECO06522,rs1326
SJUSHR5236,ECO07456,rs0169
SJUSHR5427,ECO07667,rs0170
SJUSHR5104,ECO07315,rs0171
SJUSHR3361,ECO05407,rs0172
PossJadd428,ECO13387,rs0173
SJUSHR5327,ECO07556,rs0174
SJUSHR3368,ECO05414,rs0175
JAfaint145,ECO00041,rs0176
JAfaint610,ECO12779,rs0177
SJUSHR7754,ECO10230,rs0178
SJUSHR5306,ECO07533,rs0179
SJUSHR5150,ECO07364,rs0180
SJUSHR491,ECO07102,rs0181
SJUSHR5209,ECO07427,rs0182
SJUSHR5392,ECO07628,rs0183
PossJadd457,ECO13395,rs0184
SJUSHR5040,ECO07244,rs0185
JAfaint423,ECO12739,rs0186
SJUSHR5049,ECO07253,rs0187
SJUSHR5373,ECO07607,rs0188
SJUSHR5274,ECO07497,rs0189
SJUSHR514,ECO07353,rs0190
SJUSHR515,ECO07363,rs0191
SJUSHR5262,ECO07484,rs0192
SJUSHR5266,ECO07488,rs0193
SJUSHR5081,ECO07289,rs0194
SJUSHR517,ECO07384,rs0195
SJUSHR520,ECO07417,rs0196
SJUSHR4644,ECO06813,rs0197
PossJadd465,ECO13398,rs0198
SJUSHR5082,ECO07290,rs0200
PossJadd2990,ECO13317,rs0199
SJUSHR3399,ECO05448,rs0201
SJUSHR3400,ECO05451,rs0202
SJUSHR5292,ECO07517,rs0203
PossJadd468,ECO13399,rs0204
SJUSHR521,ECO07428,rs0205
SJUSHR5258,ECO07479,rs0206
ECOaddrs0207,ECO13612,rs0207
SJUSHR522,ECO07438,rs0208
SJUSHR7648,ECO10118,rs0209
JAfaint657,ECO00480,rs0210
SJUSHR5086,ECO07294,rs0211
SJUSHR5269,ECO07491,rs0212
SJUSHR5101,ECO07312,rs0213
SJUSHR5287,ECO07511,rs0214
JAfaint410,ECO12733,rs0215
JAfaint684,ECO12796,rs0216
ECOaddrs0217,ECO13613,rs0217
SJUSHR5325,ECO07554,rs0218
PossJadd481,ECO13404,rs0219
SJUSHR5285,ECO07509,rs0220
SJUSHR5233,ECO07453,rs0221
SJUSHR546,ECO07703,rs0222
ECOaddrs0223,ECO13614,rs0223
JAfaint414,ECO00276,rs0224
SJUSHR5130,ECO07343,rs0225
SJUSHR5140,ECO07354,rs0226
SJUSHR570,ECO07969,rs0227
SJUSHR7689,ECO10163,rs0228
ECOaddrs0230,ECO13615,rs0230
SJUSHR4808,ECO06989,rs0231
SJUSHR5213,ECO07432,rs1329
SJUSHR5174,ECO07388,rs0232
ECOaddrs0233,ECO13616,rs0233
SJUSHR5044,ECO07248,rs0234
ECOaddrs0235,ECO13617,rs0235
SJUSHR5134,ECO07347,rs0236
SJUSHR7519,ECO09977,rs0237
ECOaddrs0238,ECO13618,rs0238
SJUSHR606,ECO08368,rs0239
SJUSHR607,ECO08379,rs0240
SJUSHR7680,ECO10154,rs0241
SJUSHR4899,ECO07089,rs0242
SJUSHR612,ECO08434,rs0243
SJUSHR611,ECO08423,rs0244
SJUSHR5124,ECO07336,rs0246
SJUSHR5125,ECO07337,rs0247
ECOaddrs0248,ECO13619,rs0248
JAfaint600,ECO00439,rs0249
SJUSHR621,ECO08534,rs0250
JAfaint383,ECO00251,rs0251
ECOaddrs0252,ECO13620,rs0252
SJUSHR627,ECO08599,rs0253
SJUSHR629,ECO08621,rs0254
SJUSHR5107,ECO07317,rs0255
SJUSHR632,ECO08655,rs0256
SJUSHR5105,ECO07316,rs0257
JAfaint598,ECO00436,rs0258
SJUSHR635,ECO08688,rs0259
SJUSHR637,ECO08710,rs0260
SJUSHR639,ECO08732,rs0261
SJUSHR3067,ECO05083,rs0262
SJUSHR643,ECO08777,rs0263
SJUSHR7683,ECO10157,rs0264
ECOaddrs0265,ECO13621,rs0265
SJUSHR3444,ECO05499,rs0266
SJUSHR644,ECO08788,rs0267
SJUSHR645,ECO08799,rs0268
SJUSHR5276,ECO07499,rs0269
SJUSHR646,ECO08810,rs0270
SJUSHR5153,ECO07367,rs0271
ECOaddrs0272,ECO13622,rs0272
SJUSHR3055,ECO05070,rs0273
SJUSHR7729,ECO10206,rs0274
SJUSHR5387,ECO07622,rs0275
SJUSHR5141,ECO07355,rs0276
JAfaint597,ECO12772,rs0277
SJUSHR10701,ECO02897,rs0278
SJUSHR7640,ECO10110,rs0279
PossJadd556,ECO13421,rs1330
SJUSHR5115,ECO07326,rs0280
ECOaddrs0281,ECO13623,rs0281
SJUSHR663,ECO08997,rs0282
SJUSHR9256,ECO11869,rs0283
JAfaint611,ECO00443,rs0284
ECOaddrs0285,ECO13624,rs0285
ECOaddrs0286,ECO13625,rs0286
SJUSHR671,ECO09084,rs0288
SJUSHR5318,ECO07546,rs0289
SJUSHR5154,ECO07368,rs0290
ECOaddrs0291,ECO13626,rs0291
PossJadd577,ECO13426,rs0292
ECOaddrs0293,ECO13627,rs0293
ECOaddrs0295,ECO13628,rs0295
SJUSHR4763,ECO06943,rs0296
PossJadd587,ECO13430,rs0297
ECOaddrs0298,ECO13629,rs0298
SJUSHR688,ECO09272,rs0299
SJUSHR5039,ECO07242,rs0300
JAfaint426,ECO12742,rs0301
PossJadd590,ECO13432,rs0302
SJUSHR5229,ECO07448,rs0303
ECOaddrs0304,ECO13630,rs0304
SJUSHR5060,ECO07266,rs0305
SJUSHR4710,ECO06885,rs0306
ECOaddrs0307,ECO13631,rs0307
SJUSHR706,ECO09473,rs0308
ECOaddrs0309,ECO13632,rs0309
SJUSHR709,ECO09506,rs0310
JAfaint412,ECO00275,rs1331
JAfaint601,ECO12774,rs0311
ECOaddrs0312,ECO13633,rs0312
SJUSHR713,ECO09551,rs0313
SJUSHR714,ECO09562,rs0314
SJUSHR718,ECO09606,rs0315
SJUSHR719,ECO09617,rs0316
JAfaint686,ECO00505,rs0317
PossJadd606,ECO13436,rs0318
SJUSHR5347,ECO07578,rs0320
SJUSHR3483,ECO05541,rs0321
JAfaint391,ECO00256,rs0322
SJUSHR4636,ECO06804,rs0323
SJUSHR729,ECO09727,rs0324
SJUSHR4765,ECO06945,rs0325
ECOaddrs0326,ECO13634,rs0326
JAfaint392,ECO12730,rs0327
SJUSHR5278,ECO07501,rs0328
SJUSHR7651,ECO10122,rs0329
SJUSHR4766,ECO06946,rs0330
SJUSHR5315,ECO07543,rs0331
JAfaint698,ECO00518,rs0332
ECOaddrs0333,ECO13635,rs0333
SJUSHR747,ECO09923,rs0334
SJUSHR751,ECO09967,rs0335
PossJadd627,ECO01290,rs0336
SJUSHR762,ECO10088,rs0337
PossJaddf875,ECO13574,rs0338
SJUSHR7755,ECO10231,rs0339
SJUSHR5231,ECO07451,rs0340
SJUSHR5217,ECO07435,rs0341
ECOaddrs0342,ECO13636,rs0342
SJUSHR5076,ECO07283,rs0343
SJUSHR5293,ECO07518,rs0344
ECOaddrs0345,ECO13637,rs0345
PossJadd640,ECO01291,rs0346
SJUSHR796,ECO10457,rs0347
PossJadd641,ECO13448,rs0348
SJUSHR5422,ECO07662,rs0349
SJUSHR7744,ECO10219,rs0350
SJUSHR807,ECO10579,rs0351
PossJadd647,ECO01293,rs0352
SJUSHR8240,ECO10766,rs0353
SJUSHR5090,ECO07299,rs0354
SJUSHR812,ECO10635,rs0356
ECOaddrs0357,ECO13638,rs0357
SJUSHR815,ECO10668,rs0358
JAfaint415,ECO12735,rs0360
SJUSHR7760,ECO10237,rs0361
SJUSHR822,ECO10743,rs0362
SJUSHR8243,ECO10769,rs0363
SJUSHR7759,ECO10235,rs0364
SJUSHR824,ECO10765,rs0365
SJUSHR7643,ECO10113,rs0366
JAfaint146,ECO00042,rs0367
ECOaddrs0368,ECO13639,rs0368
ECOaddrs0369,ECO13640,rs0369
ECOaddrs0370,ECO13641,rs0370
SJUSHR830,ECO10832,rs0371
SJUSHR8244,ECO10770,rs0372
SJUSHR835,ECO10885,rs0373
SJUSHR5382,ECO07617,rs0374
PossJadd3214,ECO01184,rs0375
SJUSHR5121,ECO07333,rs0376
SJUSHR3531,ECO05595,rs0377
SJUSHR5399,ECO07635,rs0378
SJUSHR5176,ECO07390,rs0379
SJUSHR5062,ECO07268,rs0380
SJUSHR7761,ECO10238,rs0381
SJUSHR855,ECO11103,rs0382
SJUSHR856,ECO11114,rs0383
SJUSHR5263,ECO07485,rs0384
SJUSHR5395,ECO07631,rs0385
SJUSHR5401,ECO07639,rs0386
JAfaint147,ECO00043,rs0387
PossJadd688,ECO13468,rs0388
PossJaddf115,ECO01364,rs0389
SJUSHR868,ECO11245,rs0390
SJUSHR3541,ECO05606,rs0391
SJUSHR5358,ECO07590,rs0392
SJUSHR5043,ECO07247,rs0393
JAfaint80,ECO12822,rs0394
PossJaddf864,ECO02102,rs0395
SJUSHR887,ECO11451,rs0396
SJUSHR889,ECO11473,rs0397
SJUSHR890,ECO11485,rs0398
SJUSHR3547,ECO05611,rs0399
SJUSHR897,ECO11559,rs0401
SJUSHR904,ECO11635,rs0402
JAfaint612,ECO00444,rs0403
PossJadd713,ECO13473,rs0404
SJUSHR907,ECO11667,rs0405
SJUSHR5415,ECO07654,rs0406
SJUSHR7768,ECO10245,rs0407
SJUSHR5405,ECO07643,rs0408
SJUSHR909,ECO11689,rs0409
SJUSHR8420,ECO10963,rs0410
SJUSHR5110,ECO07321,rs0411
ECOaddrs0412,ECO13642,rs0412
ECOaddrs0413,ECO13643,rs0413
ECOaddrs0414,ECO13644,rs0414
SJUSHR7767,ECO10244,rs1332
ECOaddrs0415,ECO13645,rs0415
JAfaint82,ECO00623,rs0416
SJUSHR8378,ECO10916,rs0417
SJUSHR8249,ECO10775,rs0418
SJUSHR3561,ECO05626,rs0419
SJUSHR923,ECO11840,rs0420
SJUSHR5257,ECO07478,rs0421
JAfaint621,ECO12780,rs0422
SJUSHR8250,ECO10777,rs0423
SJUSHR8251,ECO10778,rs0424
SJUSHR3564,ECO05629,rs0425
ECOaddrs0426,ECO13646,rs0426
SJUSHR5171,ECO07386,rs0427
SJUSHR5328,ECO07557,rs0428
SJUSHR3567,ECO05632,rs0429
SJUSHR8252,ECO10779,rs0430
ECOaddrs0431,ECO13647,rs0431
PossJadd732,ECO01305,rs0432
SJUSHR5035,ECO07238,rs0433
PossJadd734,ECO13476,rs0434
SJUSHR5142,ECO07356,rs0435
SJUSHR935,ECO11970,rs0436
SJUSHR8253,ECO10780,rs0437
PossJadd735,ECO13477,rs0438
SJUSHR5337,ECO07567,rs0439
SJUSHR939,ECO12014,rs0440
ECOaddrs0441,ECO13648,rs0441
SJUSHR5114,ECO07325,rs0442
ECOaddrs0443,ECO13649,rs0443
SJUSHR5129,ECO07341,rs0444
JAfaint419,ECO00279,rs0445
SJUSHR943,ECO12059,rs0446
SJUSHR944,ECO12070,rs1333
SJUSHR4879,ECO07067,rs1334
SJUSHR3094,ECO05112,rs1335
SJUSHR7730,ECO10208,rs0447
SJUSHR951,ECO12148,rs1336
SJUSHR5180,ECO07395,rs0448
SJUSHR953,ECO12170,rs0449
ECOaddrs0450,ECO13650,rs0450
SJUSHR955,ECO12190,rs0451
SJUSHR7769,ECO10246,rs0452
SJUSHR960,ECO12243,rs0453
SJUSHR5066,ECO07272,rs0454
ECOaddrs0455,ECO13651,rs0455
SJUSHR5078,ECO07285,rs0456
ECOaddrs0457,ECO13652,rs0457
SJUSHR967,ECO12319,rs0458
ECOaddrs0459,ECO13653,rs0459
SJUSHR5288,ECO07512,rs0460
SJUSHR969,ECO12341,rs0461
ECOaddrs0462,ECO13654,rs0462
SJUSHR7702,ECO10177,rs0463
ECOaddrs0464,ECO13655,rs0464
ECOaddrs0465,ECO13656,rs0465
SJUSHR980,ECO12462,rs0466
ECOaddrs0467,ECO13657,rs0467
SJUSHR5193,ECO07409,rs0468
JAfaint447,ECO00300,rs0469
SJUSHR5139,ECO07352,rs0470
ECOaddrs0471,ECO13658,rs0471
JAfaint445,ECO00299,rs0472
SJUSHR7714,ECO10190,rs0473
JAfaint688,ECO00507,rs0474
ECOaddrs0475,ECO13659,rs0475
SJUSHR5243,ECO07463,rs0476
SJUSHR5267,ECO07489,rs0477
SJUSHR996,ECO12636,rs0478
ECOaddrs0479,ECO13660,rs0479
SJUSHR5099,ECO07308,rs0480
PossJaddf865,ECO02103,rs0481
JAfaint604,ECO00440,rs0482
ECOaddrs0483,ECO13661,rs0483
PossJadd766,ECO13487,rs0484
JAfaint664,ECO00486,rs0485
PossJadd768,ECO01309,rs0486
PossJadd2855,ECO13302,rs0487
ECOaddrs0488,ECO13662,rs0488
ECOaddrs0489,ECO13663,rs0489
JAfaint603,ECO12775,rs0490
SJUSHR5311,ECO07539,rs0491
SJUSHR5132,ECO07345,rs0492
SJUSHR7842,ECO10327,rs0493
SJUSHR1017,ECO02310,rs0494
SJUSHR5398,ECO07634,rs0495
SJUSHR3597,ECO05665,rs0496
PossJadd776,ECO01311,rs0497
SJUSHR1024,ECO02388,rs0498
ECOaddrs0499,ECO13664,rs0499
ECOaddrs0500,ECO13665,rs0500
PossJadd778,ECO13491,rs0501
SJUSHR9091,ECO11691,rs0502
SJUSHR1026,ECO02410,rs0503
ECOaddrs0504,ECO13666,rs0504
SJUSHR1029,ECO02443,rs0505
ECOaddrs0506,ECO13667,rs0506
PossJadd3068,ECO13320,rs0507
SJUSHR5077,ECO07284,rs0508
SJUSHR1037,ECO02530,rs0509
PossJaddf866,ECO13571,rs0510
SJUSHR7703,ECO10178,rs0511
SJUSHR8254,ECO10781,rs0512
PossJadd795,ECO13494,rs0513
PossJadd796,ECO13495,rs0514
JAfaint605,ECO12776,rs0515
SJUSHR1047,ECO02641,rs0516
SJUSHR7644,ECO10114,rs0517
ECOaddrs0518,ECO13668,rs0518
SJUSHR1049,ECO02663,rs0519
SJUSHR5151,ECO07365,rs0520
SJUSHR5363,ECO07596,rs0521
SJUSHR1061,ECO02796,rs0522
ECOaddrs0523,ECO13669,rs0523
SJUSHR5319,ECO07547,rs0524
ECOaddrs0525,ECO13670,rs0525
SJUSHR5368,ECO07601,rs0526
ECOaddrs0527,ECO13671,rs0527
SJUSHR1071,ECO02900,rs0528
SJUSHR7715,ECO10191,rs0529
ECOaddrs0530,ECO13672,rs0530
SJUSHR1079,ECO02908,rs0531
SJUSHR5038,ECO07241,rs0532
SJUSHR1083,ECO02913,rs0533
SJUSHR5338,ECO07568,rs0534
ECOaddrs0535,ECO13673,rs0535
SJUSHR7645,ECO10115,rs0536
SJUSHR4809,ECO06990,rs0537
SJUSHR1103,ECO02936,rs0538
ECOaddrs0539,ECO13674,rs0539
SJUSHR1106,ECO02939,rs0540
SJUSHR7771,ECO10249,rs0541
SJUSHR5041,ECO07245,rs0542
SJUSHR5352,ECO07584,rs0543
PossJadd840,ECO13508,rs0545
SJUSHR1118,ECO02952,rs0546
PossJadd842,ECO01320,rs0547
SJUSHR5050,ECO07255,rs0548
SJUSHR1137,ECO02973,rs0549
JAfaint421,ECO12738,rs0550
ECOaddrs0551,ECO13675,rs0551
SJUSHR5027,ECO07229,rs0552
SJUSHR5420,ECO07660,rs0553
SJUSHR1205,ECO03049,rs0554
SJUSHR1211,ECO03056,rs0555
PossJadd881,ECO01327,rs0556
ECOaddrs0557,ECO13676,rs0557
ECOaddrs0558,ECO13677,rs0558
JAfaint589,ECO00432,rs0559
SJUSHR1233,ECO03080,rs0560
SJUSHR1235,ECO03082,rs0561
SJUSHR5029,ECO07231,rs0562
SJUSHR8258,ECO10785,rs0564
PossJadd909,ECO01331,rs0565
SJUSHR5314,ECO07542,rs0566
SJUSHR8910,ECO11496,rs0567
SJUSHR5418,ECO07657,rs0568
ECOaddrs0569,ECO13678,rs0569
SJUSHR5383,ECO07618,rs0570
PossJadd926,ECO01333,rs0571
SJUSHR3689,ECO05766,rs0572
SJUSHR7696,ECO10171,rs0573
SJUSHR1292,ECO03145,rs0574
ECOaddrs0575,ECO13679,rs0575
ECOaddrs0576,ECO13680,rs0576
SJUSHR5162,ECO07376,rs0577
SJUSHR1315,ECO03171,rs0578
SJUSHR1317,ECO03173,rs0579
JAfaint438,ECO12745,rs0580
ECOaddrs0581,ECO13681,rs0581
SJUSHR3712,ECO05793,rs0582
ECOaddrs0583,ECO13682,rs0583
PossJaddf868,ECO13572,rs0584
SJUSHR7701,ECO10176,rs0585
PossJadd963,ECO13539,rs0586
SJUSHR1342,ECO03201,rs0587
SJUSHR8171,ECO10691,rs0588
PossJadd980,ECO13542,rs0589
ECOaddrs0590,ECO13683,rs0590
SJUSHR3728,ECO05807,rs0591
PossJaddf149,ECO01400,rs0592
JAfaint440,ECO00294,rs0593
SJUSHR5219,ECO07437,rs0594
SJUSHR1384,ECO03245,rs0595
SJUSHR7697,ECO10172,rs0596
SJUSHR5216,ECO13586,rs0597
SJUSHR5259,ECO07480,rs0598
SJUSHR5197,ECO07413,rs0599
SJUSHR5146,ECO07360,rs0600
PossJadd998,ECO01345,rs0602
SJUSHR1388,ECO03249,rs0603
JAfaint84,ECO12827,rs0605
PossJadd1002,ECO12852,rs0604
ECOaddrs0606,ECO13684,rs0606
ECOaddrs0607,ECO13685,rs0607
SJUSHR3737,ECO05817,rs0608
SJUSHR7710,ECO10186,rs0609
SJUSHR5406,ECO07644,rs0610
ECOaddrs0611,ECO13686,rs0611
SJUSHR1398,ECO03260,rs0612
ECOaddrs0613,ECO13687,rs0613
SJUSHR5235,ECO07455,rs0614
SJUSHR7773,ECO10251,rs0615
SJUSHR5178,ECO07392,rs0616
SJUSHR3058,ECO05073,rs0617
JAfaint151,ECO00048,rs0618
SJUSHR1405,ECO03269,rs0619
JAfaint431,ECO00287,rs0620
PossJadd1009,ECO12855,rs0621
SJUSHR1410,ECO03275,rs0622
JAfaint588,ECO12768,rs0623
SJUSHR5223,ECO07442,rs0624
SJUSHR1411,ECO03276,rs0625
SJUSHR5280,ECO07504,rs0626
SJUSHR7774,ECO10252,rs0627
ECOaddrs0628,ECO13688,rs0628
SJUSHR1413,ECO03278,rs0629
JAfaint83,ECO00632,rs0630
PossJadd1014,ECO12858,rs0631
SJUSHR3741,ECO05822,rs0632
SJUSHR3742,ECO05823,rs0633
SJUSHR7772,ECO10250,rs0634
ECOaddrs0635,ECO13689,rs0635
SJUSHR5330,ECO07560,rs0636
SJUSHR5183,ECO07398,rs0637
SJUSHR5227,ECO07446,rs0638
JAfaint439,ECO00292,rs0639
SJUSHR7646,ECO10116,rs0640
SJUSHR5265,ECO07487,rs0641
SJUSHR1421,ECO03287,rs0642
SJUSHR7716,ECO10192,rs0643
SJUSHR8264,ECO10792,rs0644
SJUSHR5156,ECO07370,rs0645
ECOaddrs0646,ECO13690,rs0646
SJUSHR3743,ECO05824,rs0647
SJUSHR1422,ECO03288,rs0648
SJUSHR3744,ECO05825,rs0649
SJUSHR1423,ECO03289,rs0650
SJUSHR1424,ECO03290,rs0651
JAfaint437,ECO00291,rs0652
SJUSHR1426,ECO03292,rs1337
SJUSHR5228,ECO07447,rs0653
SJUSHR5202,ECO07420,rs0654
ECOaddrs0655,ECO13691,rs0655
SJUSHR1428,ECO03294,rs0656
ECOaddrs0657,ECO13692,rs0657
SJUSHR1430,ECO03297,rs0658
PossJadd3079,ECO01170,rs0659
SJUSHR1432,ECO03299,rs0660
PossJadd1018,ECO12862,rs0661
SJUSHR4810,ECO06992,rs0662
SJUSHR5190,ECO07406,rs0663
SJUSHR3752,ECO05834,rs0664
PossJadd1020,ECO12863,rs0665
SJUSHR8881,ECO11464,rs0666
SJUSHR1436,ECO03303,rs0667
SJUSHR5173,ECO07387,rs0668
SJUSHR1437,ECO03304,rs0669
SJUSHR1438,ECO03305,rs0670
SJUSHR5254,ECO07475,rs0671
SJUSHR7693,ECO10168,rs0672
SJUSHR1439,ECO03306,rs0673
SJUSHR5177,ECO07391,rs0674
SJUSHR8900,ECO12680,rs0675
SJUSHR3755,ECO05837,rs0676
SJUSHR5249,ECO07469,rs0677
PossJadd1022,ECO12864,rs0678
SJUSHR5238,ECO07458,rs0679
SJUSHR5251,ECO07472,rs0680
SJUSHR1442,ECO03310,rs0681
SJUSHR3756,ECO05838,rs0682
SJUSHR5188,ECO07403,rs0683
SJUSHR5210,ECO07429,rs0684
SJUSHR5192,ECO07408,rs0685
ECOaddrs0686,ECO13693,rs0686
SJUSHR1443,ECO03311,rs0687
SJUSHR1444,ECO03312,rs0688
PossJaddf154,ECO01406,rs0689
PossJadd1023,ECO00781,rs0690
SJUSHR5166,ECO07380,rs0691
JAfaint436,ECO00290,rs0692
SJUSHR5207,ECO07425,rs0693
SJUSHR3757,ECO05839,rs0694
SJUSHR5185,ECO07400,rs0695
SJUSHR5137,ECO07350,rs0696
SJUSHR5194,ECO07410,rs0697
SJUSHR5161,ECO07375,rs0698
SJUSHR5168,ECO07382,rs0699
ECOaddrs0700,ECO13694,rs0700
PossJadd1027,ECO12865,rs0701
JAfaint606,ECO12777,rs0702
SJUSHR5165,ECO07379,rs0703
PossJadd1028,ECO12866,rs0704
SJUSHR3762,ECO05845,rs0705
SJUSHR5170,ECO07385,rs0706
SJUSHR5179,ECO07393,rs0707
SJUSHR5261,ECO07483,rs0708
SJUSHR3763,ECO05846,rs0709
SJUSHR5230,ECO07450,rs0710
SJUSHR5200,ECO07418,rs0711
ECOaddrs0712,ECO13695,rs0712
SJUSHR5031,ECO07234,rs0713
SJUSHR1461,ECO03331,rs0714
JAfaint418,ECO12736,rs0715
SJUSHR1464,ECO03334,rs0716
SJUSHR1465,ECO03335,rs0717
ECOaddrs0718,ECO13696,rs0718
SJUSHR1473,ECO03344,rs0719
SJUSHR5191,ECO07407,rs0720
ECOaddrs0721,ECO13697,rs0721
JAfaint441,ECO00295,rs0722
SJUSHR1477,ECO03348,rs0724
SJUSHR4854,ECO07040,rs0725
JAfaint427,ECO00282,rs0726
SJUSHR5169,ECO07383,rs0727
SJUSHR1488,ECO03360,rs0728
ECOaddrs0729,ECO13698,rs0729
ECOaddrs0730,ECO13699,rs0730
SJUSHR1491,ECO03364,rs0731
ECOaddrs0732,ECO13700,rs0732
SJUSHR3786,ECO05871,rs0733
SJUSHR5155,ECO07369,rs0734
ECOaddrs0735,ECO13701,rs0735
JAfaint420,ECO12737,rs0736
ECOaddrs0737,ECO13702,rs0737
SJUSHR5187,ECO07402,rs0738
ECOaddrs0739,ECO13703,rs0739
JAfaint416,ECO00277,rs0740
SJUSHR1511,ECO03387,rs0741
PossJadd1051,ECO12874,rs0742
JAfaint425,ECO12741,rs0743
SJUSHR8886,ECO11469,rs0744
SJUSHR1519,ECO03395,rs0745
SJUSHR5212,ECO07431,rs0746
SJUSHR5097,ECO07306,rs0747
SJUSHR3800,ECO05888,rs0748
SJUSHR5091,ECO07300,rs0749
SJUSHR1525,ECO03402,rs0750
SJUSHR4855,ECO07041,rs0751
SJUSHR5128,ECO07340,rs0752
ECOaddrs0753,ECO13704,rs0753
SJUSHR5083,ECO07291,rs0754
SJUSHR5079,ECO07286,rs0755
JAfaint587,ECO00431,rs0756
SJUSHR1536,ECO03414,rs0757
SJUSHR5116,ECO07327,rs0758
ECOaddrs0759,ECO13705,rs0759
SJUSHR1537,ECO03415,rs0761
PossJadd1064,ECO12880,rs0760
SJUSHR5100,ECO07311,rs0762
SJUSHR5061,ECO07267,rs0763
JAfaint417,ECO00278,rs0764
ECOaddrs0765,ECO13706,rs0765
SJUSHR5122,ECO07334,rs0766
JAfaint429,ECO00284,rs0767
SJUSHR1546,ECO03425,rs0768
SJUSHR5149,ECO07362,rs0769
ECOaddrs0770,ECO13707,rs0770
SJUSHR5108,ECO07318,rs0771
ECOaddrs0772,ECO13708,rs0772
ECOaddrs0773,ECO13709,rs0773
SJUSHR5064,ECO07270,rs0774
SJUSHR5032,ECO07235,rs0775
PossJadd1070,ECO12884,rs0776
SJUSHR8416,ECO10958,rs0777
SJUSHR5215,ECO07434,rs0778
SJUSHR1571,ECO03453,rs0779
ECOaddrs0780,ECO13710,rs0780
SJUSHR1574,ECO03456,rs0781
SJUSHR7733,ECO10210,rs0782
SJUSHR1584,ECO03467,rs0783
SJUSHR1586,ECO03469,rs0784
PossJadd1079,ECO00786,rs0785
PossJadd1082,ECO00787,rs0786
ECOaddrs0787,ECO13711,rs0787
SJUSHR3850,ECO05940,rs0788
SJUSHR7732,ECO10209,rs0789
JAfaint131,ECO00028,rs0790
PossJadd3104,ECO01172,rs0791
ECOaddrs0792,ECO13712,rs0792
SJUSHR7776,ECO10254,rs0793
SJUSHR5026,ECO07228,rs0794
PossJadd1109,ECO12888,rs0795
ECOaddrs0796,ECO13713,rs0796
SJUSHR1610,ECO03496,rs0797
SJUSHR7649,ECO10119,rs0798
JAfaint989,ECO00775,rs0799
SJUSHR5089,ECO07297,rs0800
SJUSHR5085,ECO07293,rs0801
SJUSHR5138,ECO07351,rs0802
ECOaddrs0803,ECO13714,rs0803
SJUSHR8280,ECO10810,rs0804
PossJadd2072,ECO00954,rs0805
SJUSHR5286,ECO07510,rs0806
PossJadd3101,ECO13322,rs0807
SJUSHR1646,ECO03534,rs0808
SJUSHR1647,ECO03535,rs0809
JAfaint669,ECO00490,rs0810
SJUSHR5348,ECO07579,rs0811
SJUSHR5346,ECO07577,rs0812
SJUSHR5303,ECO07530,rs0813
JAfaint348,ECO12721,rs0814
SJUSHR10560,ECO02741,rs0815
PossJadd2073,ECO13165,rs0816
SJUSHR8862,ECO11443,rs0817
PossJaddf616,ECO01862,rs0818
PossJadd2074,ECO13166,rs0819
PossJadd2075,ECO13167,rs0820
JAfaint979,ECO12851,rs0821
PossJadd2076,ECO13168,rs0822
SJUSHR5118,ECO07329,rs1338
SJUSHR1654,ECO03543,rs0823
SJUSHR7688,ECO10162,rs1339
SJUSHR1657,ECO03546,rs0824
SJUSHR8876,ECO11458,rs0825
SJUSHR3888,ECO05980,rs0827
SJUSHR5181,ECO07396,rs0828
SJUSHR10590,ECO02774,rs0829
SJUSHR10556,ECO02736,rs0830
SJUSHR1670,ECO03561,rs0831
JAfaint395,ECO00258,rs0832
SJUSHR1672,ECO03563,rs0833
SJUSHR1674,ECO03565,rs0834
SJUSHR4790,ECO06969,rs0835
SJUSHR5131,ECO07344,rs1340
SJUSHR3908,ECO06003,rs0836
ECOaddrs0837,ECO13715,rs0837
SJUSHR1698,ECO03591,rs0838
SJUSHR1700,ECO03595,rs0839
SJUSHR7682,ECO10156,rs0840
ECOaddrs0841,ECO13716,rs0841
SJUSHR1706,ECO03601,rs0842
SJUSHR5102,ECO07313,rs0843
SJUSHR5056,ECO07261,rs0844
SJUSHR5087,ECO07295,rs1341
SJUSHR5096,ECO07305,rs0845
SJUSHR5074,ECO07281,rs0846
SJUSHR1709,ECO03604,rs0847
PossJadd3099,ECO01171,rs0848
SJUSHR5075,ECO07282,rs0849
SJUSHR3916,ECO06011,rs0850
SJUSHR1711,ECO03607,rs0851
SJUSHR1712,ECO03608,rs0852
SJUSHR4642,ECO06811,rs0853
SJUSHR5047,ECO07251,rs0854
SJUSHR5080,ECO07288,rs0855
PossJadd2536,ECO13263,rs0856
PossJadd1156,ECO12895,rs0857
JAfaint428,ECO00283,rs0858
SJUSHR1716,ECO03612,rs1342
SJUSHR5117,ECO07328,rs0859
SJUSHR5147,ECO07361,rs0860
PossJaddf211,ECO01465,rs0861
SJUSHR5068,ECO07274,rs0862
SJUSHR4703,ECO06877,rs0863
ECOaddrs0864,ECO13717,rs0864
SJUSHR5070,ECO07277,rs0865
SJUSHR1719,ECO03615,rs0866
PossJadd1164,ECO12897,rs0867
SJUSHR1727,ECO03624,rs0868
SJUSHR5058,ECO07263,rs0869
SJUSHR3933,ECO06030,rs0870
PossJadd1171,ECO00801,rs1343
SJUSHR5030,ECO07233,rs0871
SJUSHR8291,ECO10822,rs0872
SJUSHR1744,ECO03643,rs0873
PossJadd2861,ECO13304,rs0874
SJUSHR8882,ECO11465,rs0875
ECOaddrs0876,ECO13718,rs0876
SJUSHR4496,ECO06648,rs0877
SJUSHR1751,ECO03651,rs0879
SJUSHR1752,ECO03652,rs0880
PossJadd1178,ECO12903,rs0881
SJUSHR3946,ECO06044,rs0882
SJUSHR3049,ECO05063,rs0883
SJUSHR1758,ECO03658,rs0884
PossJadd1179,ECO12904,rs0885
SJUSHR5051,ECO07256,rs0886
SJUSHR1760,ECO03660,rs0887
PossJadd2859,ECO01121,rs0888
SJUSHR3950,ECO06049,rs0889
ECOaddrs0890,ECO13719,rs0890
SJUSHR5109,ECO07319,rs0891
SJUSHR4498,ECO06650,rs0892
SJUSHR5143,ECO07357,rs0893
ECOaddrs0894,ECO13720,rs0894
ECOaddrs0895,ECO13721,rs0895
SJUSHR3954,ECO06053,rs0896
SJUSHR5120,ECO07332,rs0897
ECOaddrs0898,ECO13722,rs0898
SJUSHR3956,ECO06055,rs0899
SJUSHR5344,ECO07575,rs0900
ECOaddrs0901,ECO13723,rs0901
SJUSHR1781,ECO03683,rs0903
ECOaddrs0904,ECO13724,rs0904
PossJadd1205,ECO12911,rs0905
SJUSHR5250,ECO07471,rs0906
SJUSHR5273,ECO07496,rs0907
ECOaddrs0908,ECO13725,rs0908
SJUSHR5389,ECO07624,rs0909
PossJadd2888,ECO13308,rs0910
SJUSHR5088,ECO07296,rs0911
SJUSHR1808,ECO03712,rs0912
ECOaddrs0913,ECO13726,rs0913
JAfaint434,ECO12744,rs0914
PossJadd1222,ECO12916,rs0915
SJUSHR3986,ECO06088,rs0916
ECOaddrs0917,ECO13727,rs0917
SJUSHR1814,ECO03719,rs0918
SJUSHR5205,ECO07423,rs0919
SJUSHR5342,ECO07573,rs0920
SJUSHR1818,ECO03723,rs0921
SJUSHR5136,ECO07349,rs0922
JAfaint435,ECO00289,rs0923
ECOaddrs0924,ECO13728,rs0924
ECOaddrs0926,ECO13729,rs0926
SJUSHR4618,ECO06784,rs0927
SJUSHR5289,ECO07513,rs0930
SJUSHR5204,ECO07422,rs0931
SJUSHR5242,ECO07462,rs0932
SJUSHR5357,ECO07589,rs0933
SJUSHR5331,ECO07561,rs0934
SJUSHR4020,ECO06128,rs0935
SJUSHR7868,ECO10355,rs0936
ECOaddrs0937,ECO13730,rs0937
ECOaddrs0938,ECO13731,rs0938
ECOaddrs0939,ECO13732,rs0939
SJUSHR7796,ECO10276,rs0940
SJUSHR8949,ECO11536,rs1345
SJUSHR8299,ECO10830,rs1346
SJUSHR5372,ECO07606,rs0941
SJUSHR5069,ECO07275,rs0942
SJUSHR5164,ECO07378,rs0943
JAfaint591,ECO00433,rs0944
SJUSHR5279,ECO07502,rs0945
SJUSHR8695,ECO11262,rs0946
SJUSHR4083,ECO06197,rs0947
SJUSHR5326,ECO07555,rs0948
ECOaddrs0949,ECO13733,rs0949
SJUSHR7713,ECO10189,rs1347
SJUSHR7647,ECO10117,rs0950
SJUSHR1965,ECO03884,rs0951
PossJadd1282,ECO00820,rs0952
SJUSHR1971,ECO03891,rs0953
SJUSHR1972,ECO03892,rs0954
PossJaddf871,ECO02105,rs0955
ECOaddrs0956,ECO13734,rs0956
SJUSHR5394,ECO07630,rs0957
SJUSHR1980,ECO03901,rs0958
JAfaint443,ECO00297,rs0959
SJUSHR5409,ECO07647,rs0960
SJUSHR8301,ECO10834,rs0961
SJUSHR1990,ECO03911,rs1348
SJUSHR1991,ECO03912,rs1349
PossJaddf267,ECO01523,rs1350
SJUSHR5123,ECO07335,rs0962
PossJadd1301,ECO00823,rs0963
SJUSHR5369,ECO07602,rs1351
SJUSHR5106,ECO13585,rs0964
SJUSHR2003,ECO03927,rs0965
SJUSHR2004,ECO03928,rs0966
SJUSHR5167,ECO07381,rs0967
SJUSHR2005,ECO03929,rs1352
JAfaint442,ECO00296,rs0968
SJUSHR4770,ECO06950,rs0969
SJUSHR2010,ECO03935,rs0970
ECOaddrs0971,ECO13735,rs0971
SJUSHR4115,ECO06232,rs0972
JAfaint430,ECO00286,rs0973
SJUSHR2020,ECO03946,rs0974
PossJadd1308,ECO12950,rs0975
SJUSHR5201,ECO07419,rs0976
SJUSHR4771,ECO06951,rs0977
SJUSHR5413,ECO07652,rs1353
SJUSHR5220,ECO07439,rs0978
PossJadd1312,ECO00826,rs0979
SJUSHR2028,ECO03954,rs0980
SJUSHR5322,ECO07551,rs0981
PossJadd1320,ECO12958,rs0982
SJUSHR4131,ECO06250,rs0983
SJUSHR7736,ECO10211,rs1354
SJUSHR2043,ECO03970,rs0984
SJUSHR5294,ECO07519,rs0985
PossJadd1322,ECO12960,rs0986
ECOaddrs0987,ECO13736,rs0987
SJUSHR2046,ECO03973,rs0988
SJUSHR2048,ECO03975,rs0989
SJUSHR4134,ECO06253,rs1355
PossJadd1324,ECO00827,rs0990
PossJadd1325,ECO00828,rs0991
SJUSHR2052,ECO03980,rs0992
PossJadd1326,ECO12961,rs0993
ECOaddrs0994,ECO13737,rs0994
SJUSHR5290,ECO07515,rs0995
JAfaint672,ECO00494,rs0996
SJUSHR2062,ECO03991,rs0997
SJUSHR7685,ECO10159,rs1356
PossJadd1339,ECO12965,rs0998
SJUSHR4142,ECO06262,rs1357
JAfaint85,ECO00648,rs0999
SJUSHR4146,ECO06266,rs1000
SJUSHR7746,ECO10221,rs1001
SJUSHR5384,ECO07619,rs1002
SJUSHR7686,ECO10160,rs1358
SJUSHR8395,ECO10935,rs1003
SJUSHR5353,ECO07585,rs1004
SJUSHR2074,ECO04004,rs1005
JAfaint702,ECO12800,rs1006
SJUSHR2075,ECO04005,rs1007
ECOaddrs1008,ECO13738,rs1008
JAfaint753,ECO00561,rs1009
SJUSHR2077,ECO04007,rs1010
PossJadd1341,ECO12966,rs1011
SJUSHR5152,ECO07366,rs1012
PossJaddf831,ECO02089,rs1013
SJUSHR4147,ECO06267,rs1014
SJUSHR5186,ECO07401,rs1015
SJUSHR2085,ECO04016,rs1016
PossJadd1344,ECO12968,rs1017
SJUSHR5095,ECO07304,rs1018
ECOaddrs1019,ECO13739,rs1019
PossJadd1346,ECO00831,rs1020
SJUSHR5388,ECO07623,rs1021
SJUSHR10702,ECO02898,rs1022
SJUSHR2099,ECO04031,rs1023
ECOaddrs1024,ECO13740,rs1024
SJUSHR2101,ECO04035,rs1025
PossJadd1355,ECO12971,rs1026
PossJadd2873,ECO01123,rs1027
SJUSHR7684,ECO10158,rs1028
SJUSHR5246,ECO07466,rs1029
SJUSHR5304,ECO07531,rs1030
SJUSHR8304,ECO10837,rs1031
JAfaint703,ECO00521,rs1032
SJUSHR5393,ECO07629,rs1033
SJUSHR10703,ECO02899,rs1034
SJUSHR5224,ECO07443,rs1035
SJUSHR5412,ECO07651,rs1036
ECOaddrs1037,ECO13741,rs1037
SJUSHR2133,ECO04070,rs1038
SJUSHR8396,ECO10936,rs1039
SJUSHR8418,ECO10960,rs1040
JAfaint691,ECO00511,rs1041
ECOaddrs1042,ECO13742,rs1042
SJUSHR5245,ECO07465,rs1043
ECOaddrs1044,ECO13743,rs1044
SJUSHR7779,ECO10257,rs1045
SJUSHR2145,ECO04083,rs1046
SJUSHR5226,ECO07445,rs1047
SJUSHR2148,ECO04086,rs1048
SJUSHR2150,ECO04089,rs1049
SJUSHR5232,ECO07452,rs1050
ECOaddrs1051,ECO13744,rs1051
SJUSHR5282,ECO07506,rs1052
JAfaint135,ECO00030,rs1053
PossJadd1380,ECO00842,rs1054
SJUSHR5300,ECO07527,rs1055
JAfaint608,ECO00441,rs1056
SJUSHR2160,ECO04100,rs1057
SJUSHR8307,ECO10840,rs1058
SJUSHR4189,ECO06312,rs1059
SJUSHR8309,ECO10842,rs1060
PossJaddf814,ECO02075,rs1061
SJUSHR3142,ECO05166,rs1062
ECOaddrs1063,ECO13745,rs1063
ECOaddrs1064,ECO13746,rs1064
SJUSHR5244,ECO07464,rs1065
SJUSHR2182,ECO04123,rs1066
SJUSHR5053,ECO07258,rs1067
SJUSHR5052,ECO07257,rs1068
ECOaddrs1069,ECO13747,rs1069
SJUSHR5112,ECO07323,rs1070
PossJaddf848,ECO02094,rs1071
SJUSHR5203,ECO07421,rs1072
SJUSHR8312,ECO10846,rs1073
SJUSHR5380,ECO07615,rs1074
ECOaddrs1075,ECO13748,rs1075
SJUSHR4216,ECO06342,rs1076
SJUSHR5033,ECO07236,rs1077
SJUSHR5275,ECO07498,rs1078
SJUSHR5098,ECO07307,rs1079
SJUSHR4222,ECO06349,rs1080
SJUSHR7712,ECO10188,rs1081
SJUSHR4223,ECO06350,rs1082
SJUSHR7782,ECO10261,rs1083
SJUSHR2216,ECO04160,rs1084
SJUSHR2220,ECO04165,rs1085
SJUSHR5390,ECO07626,rs1087
SJUSHR2221,ECO04166,rs1086
ECOaddrs1088,ECO13749,rs1088
SJUSHR5317,ECO07545,rs1089
SJUSHR2222,ECO04167,rs1090
SJUSHR8912,ECO11497,rs1091
SJUSHR2225,ECO04170,rs1092
SJUSHR4228,ECO06355,rs1093
SJUSHR5414,ECO07653,rs1094
ECOaddrs1095,ECO13750,rs1095
ECOaddrs1096,ECO13751,rs1096
SJUSHR2226,ECO04171,rs1097
SJUSHR8313,ECO10847,rs1098
PossJaddf873,ECO13573,rs1099
SJUSHR7783,ECO10262,rs1100
ECOaddrs1101,ECO13752,rs1101
SJUSHR2230,ECO04176,rs1102
SJUSHR4232,ECO06360,rs1103
SJUSHR5426,ECO07666,rs1104
SJUSHR8314,ECO10848,rs1105
SJUSHR2239,ECO04185,rs1106
SJUSHR5163,ECO07377,rs1107
SJUSHR4235,ECO06363,rs1109
SJUSHR5160,ECO07374,rs1108
SJUSHR4945,ECO07141,rs1110
SJUSHR2243,ECO04190,rs1111
SJUSHR2244,ECO04191,rs1112
SJUSHR8399,ECO10939,rs1113
SJUSHR2246,ECO04193,rs1114
SJUSHR7747,ECO10222,rs1115
SJUSHR2248,ECO04195,rs1116
SJUSHR4238,ECO06366,rs1117
SJUSHR5375,ECO07609,rs1118
JAfaint692,ECO00512,rs1119
SJUSHR5316,ECO07544,rs1120
SJUSHR2254,ECO04202,rs1121
SJUSHR4240,ECO06369,rs1122
SJUSHR2255,ECO04203,rs1123
JAfaint136,ECO00031,rs1124
SJUSHR8315,ECO10849,rs1125
SJUSHR5247,ECO07467,rs1126
SJUSHR5361,ECO07594,rs1127
SJUSHR5402,ECO07640,rs1128
SJUSHR2262,ECO04211,rs1129
ECOaddrs1130,ECO13753,rs1130
SJUSHR2265,ECO04214,rs1131
PossJadd1430,ECO00848,rs1132
ECOaddrs1133,ECO13754,rs1133
SJUSHR2266,ECO04215,rs1134
JAfaint453,ECO12747,rs1135
PossJadd2429,ECO13250,rs1136
SJUSHR4242,ECO06371,rs1137
PossJadd1433,ECO00849,rs1138
SJUSHR2271,ECO04221,rs1139
ECOaddrs1140,ECO13755,rs1140
PossJadd1435,ECO12987,rs1141
SJUSHR4246,ECO06375,rs1142
SJUSHR4245,ECO06374,rs1143
SJUSHR2275,ECO04225,rs1144
SJUSHR4248,ECO06377,rs1145
SJUSHR2276,ECO04226,rs1146
SJUSHR7788,ECO10267,rs1359
JAfaint137,ECO00032,rs1147
SJUSHR5378,ECO07612,rs1148
SJUSHR5225,ECO07444,rs1149
SJUSHR4249,ECO06378,rs1150
SJUSHR5428,ECO07668,rs1151
SJUSHR2279,ECO04229,rs1152
ECOaddrs1153,ECO13756,rs1153
SJUSHR2283,ECO04234,rs1154
ECOaddrs1155,ECO13757,rs1155
SJUSHR5396,ECO07632,rs1156
JAfaint592,ECO00434,rs1157
SJUSHR5264,ECO07486,rs1360
SJUSHR2286,ECO04237,rs1158
SJUSHR5221,ECO07440,rs1159
SJUSHR2287,ECO04238,rs1160
ECOaddrs1161,ECO13758,rs1161
SJUSHR2290,ECO04242,rs1162
SJUSHR4949,ECO07145,rs1163
JAfaint673,ECO00495,rs1164
SJUSHR5145,ECO07359,rs1165
PossJadd1442,ECO00851,rs1166
SJUSHR2292,ECO04244,rs1168
ECOaddrs1167,ECO13759,rs1167
SJUSHR5351,ECO07583,rs1169
SJUSHR5410,ECO07649,rs1170
SJUSHR7781,ECO10260,rs1171
SJUSHR8319,ECO10853,rs1172
ECOaddrs1173,ECO13760,rs1173
SJUSHR5416,ECO07655,rs1174
PossJadd1443,ECO12990,rs1175
JAfaint138,ECO00033,rs1176
PossJaddf331,ECO01583,rs1177
SJUSHR7705,ECO10180,rs1178
SJUSHR5424,ECO07664,rs1179
SJUSHR5376,ECO07610,rs1180
PossJadd2433,ECO01026,rs1181
SJUSHR5391,ECO07627,rs1182
SJUSHR2301,ECO04255,rs1183
SJUSHR5421,ECO07661,rs1184
SJUSHR4257,ECO06387,rs1185
SJUSHR7789,ECO10268,rs1186
SJUSHR5093,ECO07302,rs1187
SJUSHR8322,ECO10857,rs1188
SJUSHR2303,ECO04257,rs1189
SJUSHR4260,ECO06391,rs1190
SJUSHR9115,ECO11716,rs1191
SJUSHR5313,ECO07541,rs1361
JAfaint153,ECO00050,rs1192
JAfaint450,ECO00303,rs1193
ECOaddrs1194,ECO13761,rs1194
SJUSHR4263,ECO06394,rs1195
SJUSHR4264,ECO06395,rs1196
SJUSHR2308,ECO04262,rs1197
SJUSHR2309,ECO04263,rs1198
JAfaint424,ECO12740,rs1199
SJUSHR5407,ECO07645,rs1200
SJUSHR8400,ECO10942,rs1362
SJUSHR2310,ECO04265,rs1201
SJUSHR5297,ECO07522,rs1202
SJUSHR2312,ECO04267,rs1204
SJUSHR4268,ECO06399,rs1205
SJUSHR2314,ECO04268,rs1206
SJUSHR7787,ECO10266,rs1207
JAfaint433,ECO00288,rs1208
SJUSHR4271,ECO06403,rs1209
SJUSHR7786,ECO10265,rs1210
SJUSHR2324,ECO04278,rs1211
SJUSHR5345,ECO07576,rs1212
SJUSHR5341,ECO07572,rs1213
SJUSHR2330,ECO04285,rs1214
SJUSHR5309,ECO07536,rs1363
SJUSHR2332,ECO04286,rs1364
ECOaddrs1215,ECO13762,rs1215
SJUSHR2338,ECO04292,rs1217
SJUSHR5323,ECO07552,rs1365
SJUSHR2339,ECO04293,rs1218
SJUSHR2340,ECO04295,rs1219
SJUSHR4277,ECO06409,rs1220
PossJadd1472,ECO12998,rs1221
SJUSHR5385,ECO07620,rs1222
SJUSHR7650,ECO10121,rs1366
SJUSHR5374,ECO07608,rs1223
SJUSHR4952,ECO07149,rs1224
PossJaddf345,ECO01591,rs1225
SJUSHR2351,ECO04306,rs1226
SJUSHR7790,ECO10270,rs1227
SJUSHR7785,ECO10264,rs1228
SJUSHR5370,ECO07604,rs1367
PossJadd2554,ECO01062,rs1368
SJUSHR2366,ECO04322,rs1229
SJUSHR7698,ECO10173,rs1369
SJUSHR2373,ECO04330,rs1230
SJUSHR7652,ECO10123,rs1231
SJUSHR4289,ECO06422,rs1370
SJUSHR8325,ECO10860,rs1371
SJUSHR2374,ECO04331,rs1232
SJUSHR4955,ECO07152,rs1233
SJUSHR4291,ECO06425,rs1372
JAfaint451,ECO00304,rs1373
SJUSHR4292,ECO06426,rs1234
SJUSHR4293,ECO06427,rs1235
SJUSHR5034,ECO07237,rs1236
ECOaddrs1237,ECO13763,rs1237
SJUSHR2381,ECO04339,rs1374
ECOaddrs1375,ECO13764,rs1375
SJUSHR4294,ECO06428,rs1238
SJUSHR4956,ECO07153,rs1239
SJUSHR2382,ECO04340,rs1240
SJUSHR7742,ECO10217,rs1376
PossJadd3173,ECO01174,rs1241
SJUSHR2383,ECO04341,rs1377
ECOaddrs1242,ECO13765,rs1242
SJUSHR2385,ECO04343,rs1243
ECOaddrs1378,ECO13766,rs1378
ECOaddrs1244,ECO13767,rs1244
SJUSHR9207,ECO11815,rs1245
PossJadd1490,ECO00857,rs1246
ECOaddrs1247,ECO13768,rs1247
ECOaddrs1379,ECO13769,rs1379
ECOaddrs1380,ECO13770,rs1380
SJUSHR2392,ECO04350,rs1248
ECOaddrs1381,ECO13771,rs1381
ECOaddrs1249,ECO13772,rs1249
ECOaddrs1250,ECO13773,rs1250
SJUSHR2395,ECO04353,rs1251
SJUSHR8327,ECO10861,rs1382
PossJadd3269,ECO13345,rs1252
SJUSHR5218,ECO07436,rs1383
SJUSHR7709,ECO10184,rs1384
SJUSHR4300,ECO06435,rs1385
SJUSHR5283,ECO07507,rs1386
SJUSHR5386,ECO07621,rs1387
SJUSHR5296,ECO07521,rs1388
SJUSHR7687,ECO10161,rs1389
ECOaddrs1253,ECO13774,rs1253
SJUSHR5253,ECO07474,rs1390
SJUSHR9283,ECO11899,rs1391
SJUSHR2444,ECO04405,rs1254
SJUSHR3059,ECO05074,rs1392
ECOaddrs1393,ECO13775,rs1393
PossJaddf353,ECO01598,rs1394
SJUSHR5206,ECO07424,rs1395
SJUSHR7695,ECO10170,rs1396
SJUSHR4773,ECO06952,rs1397
SJUSHR4311,ECO06447,rs1398
SJUSHR7690,ECO10165,rs1399
SJUSHR7763,ECO10240,rs1400
SJUSHR4317,ECO06453,rs1401
PossJadd3167,ECO13324,rs1256
SJUSHR4330,ECO06468,rs1257
SJUSHR2564,ECO04536,rs1258
SJUSHR7725,ECO10202,rs1259
SJUSHR5366,ECO07599,rs1260
JAfaint23,ECO00124,rs1261
SJUSHR5199,ECO07415,rs1262
SJUSHR4343,ECO06482,rs1263
SJUSHR5159,ECO07373,rs1264
SJUSHR4348,ECO06487,rs1402
SJUSHR2628,ECO04604,rs1265
SJUSHR2629,ECO04605,rs1266
SJUSHR2632,ECO04609,rs1267
SJUSHR7727,ECO10204,rs1268
PossJadd1571,ECO13027,rs1269
SJUSHR5404,ECO07642,rs1270
SJUSHR5298,ECO07523,rs1403
SJUSHR8340,ECO10875,rs1271
SJUSHR2713,ECO04695,rs1404
SJUSHR5028,ECO07230,rs1272
JAfaint594,ECO12771,rs1405
ECOaddrs1275,ECO13776,rs1275
SJUSHR2783,ECO04771,rs1276
PossJadd1709,ECO13061,rs1277
SJUSHR5268,ECO07490,rs1406
SJUSHR5355,ECO07587,rs1278
SJUSHR7711,ECO10187,rs1279
PossJaddf389,ECO01632,rs1407
SJUSHR7707,ECO10182,rs1408
SJUSHR7708,ECO10183,rs1409
PossJaddf393,ECO01635,rs1280
SJUSHR7722,ECO10199,rs1281
SJUSHR3150,ECO05175,rs1282
SJUSHR8345,ECO10880,rs1283
SJUSHR9383,ECO12007,rs1284
PossJadd2269,ECO01000,rs1285
SJUSHR5277,ECO07500,rs1286
SJUSHR8877,ECO11459,rs1287
SJUSHR7704,ECO10179,rs1288
SJUSHR5196,ECO07412,rs1289
SJUSHR5239,ECO07459,rs1290
SJUSHR7721,ECO10198,rs1291
SJUSHR7719,ECO10195,rs1292
SJUSHR2857,ECO04851,rs1293
SJUSHR2858,ECO04852,rs1294
JAfaint422,ECO00281,rs1295
JAfaint595,ECO00435,rs1296
SJUSHR5270,ECO07493,rs1297
SJUSHR8350,ECO10886,rs1298
PossJaddf801,ECO02063,rs1299
SJUSHR9300,ECO11918,rs1300
SJUSHR9296,ECO11912,rs1301
SJUSHR5339,ECO07569,rs1302
SJUSHR8351,ECO10887,rs1303
PossJaddf806,ECO02068,rs1304
ECOaddrs1305,ECO13777,rs1305
ECOaddrs1306,ECO13778,rs1306
SJUSHR10048,ECO02175,rs1307
SJUSHR2995,ECO05002,rs1308
SJUSHR2998,ECO05005,rs1309
SJUSHR5343,ECO07574,rs1310
SJUSHR3018,ECO05029,rs1311
ECOaddrs1312,ECO13779,rs1312
ECOaddrs0079,ECO13780,rs0079
ECOaddrs0245,ECO13781,rs0245
ECOaddrs0287,ECO13782,rs0287
ECOaddrs0294,ECO13783,rs0294
PossJadd2884,ECO01124,rs0878
ECOaddrs0902,ECO13784,rs0902
ECOaddrs1203,ECO13785,rs1203
PossJadd2436,ECO01027,rs1216
PossJadd2383,ECO13246,rs1410
PossJadd2398,ECO01015,rs1411
PossJadd3540,ECO01239,rs1412
PossJadd436,ECO13389,rs1413
PossJadd634,ECO13444,rs1414
ECOaddrs1415,ECO13786,rs1415
ECOaddrs1416,ECO13787,rs1416
ECOaddrs1417,ECO13788,rs1417
ECOaddrs1418,ECO13789,rs1418
ECOaddrs1419,ECO13790,rs1419
ECOaddrs1420,ECO13791,rs1420
ECOaddrs1421,ECO13792,rs1421
ECOaddrs1422,ECO13793,rs1422
ECOaddrs1423,ECO13794,rs1423
ECOaddrs1424,ECO13795,rs1424
ECOaddrs1425,ECO13796,rs1425
ECOaddrs1426,ECO13797,rs1426
ECOaddrs1427,ECO13798,rs1427
ECOaddrs1428,ECO13799,rs1428
ECOaddrs1429,ECO13800,rs1429
ECOaddrs1430,ECO13801,rs1430
ECOaddrs1431,ECO13802,rs1431
ECOaddrs1432,ECO13803,rs1432
ECOaddrs1433,ECO13804,rs1433
ECOaddrs1434,ECO13805,rs1434
ECOaddrs1435,ECO13806,rs1435
ECOaddrs1436,ECO13807,rs1436
ECOaddrs1437,ECO13808,rs1437
ECOaddrs1438,ECO13809,rs1438
ECOaddrs1439,ECO13810,rs1439
ECOaddrs1440,ECO13811,rs1440
ECOaddrs1441,ECO13812,rs1441
ECOaddrs1442,ECO13813,rs1442
ECOaddrs1443,ECO13814,rs1443
ECOaddrs1444,ECO13815,rs1444
ECOaddrs1445,ECO13816,rs1445
SJUSHR8279,ECO10808,rs1446
ECOaddrs1447,ECO13817,rs1447
ECOaddrs1448,ECO13818,rs1448
ECOaddrs1449,ECO13819,rs1449
ECOaddrs1450,ECO13820,rs1450
ECOaddrs1451,ECO13821,rs1451
ECOaddrs1452,ECO13822,rs1452
ECOaddrs1453,ECO13823,rs1453
ECOaddrs1454,ECO13824,rs1454
ECOaddrs1455,ECO13825,rs1455
ECOaddrs1456,ECO13826,rs1456
ECOaddrs1457,ECO13827,rs1457
ECOaddrs1458,ECO13828,rs1458
ECOaddrs1459,ECO13829,rs1459
ECOaddrs1460,ECO13830,rs1460
ECOaddrs1461,ECO13831,rs1461
SJUSHR8402,ECO10944,rs1462
ECOaddrs1463,ECO13832,rs1463
ECOaddrs1464,ECO13833,rs1464
ECOaddrs1465,ECO13834,rs1465
ECOaddrs1466,ECO13835,rs1466
ECOaddrs1467,ECO13836,rs1467
ECOaddrs1468,ECO13837,rs1468
ECOaddrs1469,ECO13838,rs1469
ECOaddrs1470,ECO13839,rs1470
ECOaddrs1471,ECO13840,rs1471
ECOaddrs1472,ECO13841,rs1472
ECOaddrs1473,ECO13842,rs1473
ECOaddrs1474,ECO13843,rs1474
ECOaddrs1475,ECO13844,rs1475
ECOaddrs1476,ECO13845,rs1476
ECOaddrs1477,ECO13846,rs1477
ECOaddrs1478,ECO13847,rs1478
ECOaddrs1479,ECO13848,rs1479
ECOaddrs1480,ECO13849,rs1480
ECOaddrs1481,ECO13850,rs1481
ECOaddrs1482,ECO13851,rs1482
ECOaddrs1483,ECO13852,rs1483
ECOaddrs1484,ECO13853,rs1484
ECOaddrs1485,ECO13854,rs1485
ECOaddrs1486,ECO13855,rs1486
ECOaddrs1487,ECO13856,rs1487
ECOaddrs1488,ECO13857,rs1488
PossJadd3490,ECO13364,rs1489
ECOaddrs1490,ECO13858,rs1490
ECOaddrs1491,ECO13859,rs1491
ECOaddrs1492,ECO13860,rs1492
ECOaddrs1493,ECO13861,rs1493
ECOaddrs1494,ECO13862,rs1494
ECOaddrs1495,ECO13863,rs1495
ECOaddrs1496,ECO13864,rs1496
ECOaddrs1497,ECO13865,rs1497
ECOaddrs1498,ECO13866,rs1498
ECOaddrs1499,ECO13867,rs1499
ECOaddrs1500,ECO13868,rs1500
ECOaddrs1501,ECO13869,rs1501
ECOaddrs1502,ECO13870,rs1502
ECOaddrs1503,ECO13871,rs1503
ECOaddrs1504,ECO13872,rs1504
ECOaddrs1505,ECO13873,rs1505
ECOaddrs1506,ECO13874,rs1506
PossJadd3433,ECO01234,rs1507
ECOaddrs1508,ECO13875,rs1508
ECOaddrs1509,ECO13876,rs1509
ECOaddrs1510,ECO13877,rs1510
ECOaddrs1511,ECO13878,rs1511
ECOaddrs1512,ECO13879,rs1512
ECOaddrs1513,ECO13880,rs1513
PossJadd3496,ECO13365,rs1514
ECOaddrs1515,ECO13881,rs1515
ECOaddrs1516,ECO13882,rs1516
PossJadd3452,ECO13362,rs1517
ECOaddrs1518,ECO13883,rs1518
